ID,Lat,Lon,Hgt_m
34A1,41.8387,-119.654,1907.677
34A2,41.8531,-119.60739999999998,1862.779
34A3,41.8507,-119.57709999999997,1831.947
34A4,41.8666,-119.4948,1708.216
34NO,41.9291,-119.70859999999999,1768.973
34SO,41.8059,-119.70679999999999,1705.89
5PTS,36.4292,-120.26499999999999,56.523
7OAK,37.595,-114.75909999999999,1713.278
7ODM,34.1164,-117.09320000000002,762.072
ACSB,33.2743,-117.44489999999996,-12.296
ACSX,33.2743,-117.44489999999996,-12.291
AERO,32.8075,-117.12440000000004,92.691
AGMT,34.5943,-116.42939999999999,1337.823
AIAH,33.8492,-117.86250000000001,38.22
AISD,33.0239,-117.0858,141.587
ALAM,37.358,-115.1585,1090.005
ALPP,34.8245,-118.69479999999999,918.073
ALTH,36.8896,-120.66980000000001,18.788
ANA1,34.015,-119.36349999999999,22.447
ANTB,39.8479,-117.3709,1647.617
ANTE,40.1459,-118.16730000000001,1445.115
ANTV,39.6425,-120.28129999999999,1681.061
AOA1,34.1574,-118.83029999999997,246.561
APEX,36.3191,-114.93180000000001,761.037
AQUA,32.6794,-114.48540000000003,35.127
AR27,33.3418,-117.32490000000001,32.301
AR53,33.3811,-117.47649999999999,111.04
ARGU,36.05,-117.52189999999996,1791.338
ARM1,35.2013,-118.91039999999998,76.817
ARM2,35.2013,-118.91059999999999,76.813
ARMY,38.4977,-118.4382,1822.02
ARTE,38.9999,-119.40890000000002,1638.3
ASHM,36.3459,-116.13940000000002,885.738
AST1,39.3903,-117.3084,1760.07
AST2,39.3904,-117.30860000000001,1760.3
ASTA,38.1694,-121.68450000000001,-16.671
AVRY,34.4683,-117.154,888.917
AZBH,35.1075,-114.60500000000002,151.685
AZDS,35.5331,-114.35919999999999,870.667
AZFM,34.8522,-114.5951,119.882
AZGV,35.2544,-114.2543,867.565
AZKG,35.1903,-114.05250000000001,1005.347
AZLH,34.5083,-114.34710000000001,172.515
AZMP,35.3706,-114.15369999999996,1271.77
AZNE,32.6758,-114.59640000000002,34.624
AZPK,34.1452,-114.29179999999997,100.891
AZQZ,33.6656,-114.22730000000001,240.242
AZRY,33.5401,-116.62970000000001,1265.7
AZU1,34.126,-117.8965,144.771
AZYC,34.8793,-114.14699999999999,541.036
AZYU,32.6583,-114.52710000000002,36.945
AZYW,32.6837,-114.6422,10.798
BAK1,35.3519,-119.02080000000001,93.492
BAKR,35.3835,-119.0145,115.258
BALD,37.7834,-118.90139999999997,2749.44
BAMO,40.4128,-117.20460000000003,1792.47
BAR1,33.4805,-119.02969999999999,14.81
BATM,36.4035,-116.51159999999999,736.988
BATT,40.5159,-117.20889999999997,1505.937
BBDM,34.5822,-119.98149999999998,204.875
BBRY,34.2643,-116.88419999999996,2051.072
BBUT,41.4388,-118.29499999999996,1264.932
BCWR,34.9205,-119.4058,1332.942
BDSP,37.5182,-114.0804,1557.9
BEAT,37.0399,-116.62110000000001,1396.033
BEDE,39.8248,-119.82830000000001,1573.559
BEER,35.5581,-117.78269999999998,835.385
BEES,39.2672,-117.70949999999999,2180.924
BEMT,34.0005,-115.9982,1373.663
BEPK,35.8784,-118.07409999999999,2471.124
BERR,39.6022,-120.44749999999999,1930.891
BFLD,35.4131,-119.0453,108.375
BFLO,40.7288,-119.82870000000003,1363.653
BFLT,38.8539,-119.67590000000001,1597.102
BFSH,35.5911,-118.49799999999999,791.683
BGIS,33.9671,-118.15969999999999,2.833
BHIL,39.3786,-120.118,1988.866
BIGP,37.1678,-118.3383,1554.842
BIGS,39.286,-116.82490000000001,1877.829
BILL,33.5782,-117.06460000000004,470.064
BIRD,35.9576,-115.4291,1523.169
BKAP,35.287,-116.0804,252.03
BKMS,33.9623,-118.09469999999999,11.025
BKR1,35.1324,-119.10950000000003,56.875
BKR2,35.1326,-119.10929999999996,56.787
BLAC,39.7965,-119.29470000000003,1282.67
BLIN,37.758,-118.50400000000002,1856.838
BLRK,40.7697,-119.0933,1237.333
BLSA,33.7995,-118.02869999999996,-23.155
BLUM,40.9492,-118.04750000000001,1364.662
BLYT,33.6104,-114.7149,85.93
BMHL,34.2514,-116.053,722.632
BMRY,33.9627,-116.98469999999998,787.253
BNSL,33.2581,-117.23609999999996,37.448
BOBS,39.448,-116.98199999999997,2185.46
BOCA,39.4109,-120.04499999999996,2058.924
BODI,38.2165,-118.969,2468.918
BOIL,40.2723,-119.38229999999999,1273.778
BOMG,33.3646,-115.72969999999998,-84.205
BONI,37.225,-117.17679999999996,1290.342
BONT,39.5311,-120.4282,2319.157
BOOM,39.4756,-119.95590000000004,2106.226
BOUL,35.9067,-114.78769999999997,638.481
BRAD,39.7774,-119.05150000000003,1325.732
BRAN,34.1849,-118.27699999999999,246.245
BRAW,32.9784,-115.52179999999998,-64.966
BRBR,41.2303,-120.10910000000001,1819.743
BRD1,39.8093,-119.00279999999998,1247.393
BRDY,39.7813,-119.0086,1269.092
BRI2,37.9195,-122.15250000000003,265.104
BRIB,37.9194,-122.1526,262.268
BRIC,37.9194,-122.1526,263.176
BRID,38.207,-119.31100000000004,2127.489
BROK,39.1688,-117.94259999999997,1820.646
BRPK,34.6823,-118.57679999999999,1729.111
BRVL,38.4942,-120.04129999999998,2387.859
BSRY,34.9186,-117.012,613.472
BTDM,34.2928,-118.1882,678.244
BUC2,39.0143,-122.05309999999997,14.8
BUEG,34.6128,-120.19640000000004,74.803
BUFF,40.3614,-117.26620000000003,1483.505
BULL,36.9176,-116.87170000000003,1344.788
BURR,40.5189,-119.839,1252.258
BUST,36.7453,-116.45089999999999,992.294
BUTM,37.3464,-118.55489999999998,1779.381
BUTT,41.4789,-119.84069999999997,1747.667
BVAL,39.5654,-120.23720000000003,2042.562
BVPP,35.1573,-119.34749999999997,123.05
BWOD,37.9587,-121.70889999999997,-2.135
CA00,34.4126,-118.55369999999999,332.89
CA29,34.136,-116.05200000000002,576.708
CA99,37.6446,-118.89670000000001,2391.538
CAAT,35.4715,-120.654,263.986
CAB5,35.2757,-116.07349999999997,261.926
CABD,34.1043,-117.28340000000003,284.005
CABK,35.3507,-118.96879999999999,92.481
CABS,34.8945,-117.05000000000001,636.179
CABU,35.5,-119.54599999999999,49.789
CABY,33.6088,-114.61019999999996,53.07
CAC1,33.7992,-116.40559999999999,78.938
CAC2,35.0998,-117.98929999999996,715.8
CAC3,38.0105,-122.0247,-7.839
CACC,41.7456,-124.18430000000001,-21.958
CACD,38.0107,-122.0403,-9.207
CACH,39.7141,-121.80529999999999,43.424
CACJ,32.7458,-116.94380000000001,103.554
CACL,33.4119,-117.60040000000004,28.908
CACM,32.6246,-116.4753,769.031
CACO,36.1764,-120.3596,193.781
CACP,34.0858,-118.78570000000002,828.917
CACR,40.3096,-121.22910000000002,1364.493
CACT,33.6551,-115.98990000000003,518.433
CACX,32.6718,-115.52660000000003,-27.565
CAD1,35.7594,-119.24379999999996,69.584
CADY,37.728,-122.505,-4.121
CAE1,34.7513,-115.23000000000002,515.324
CAE2,34.7511,-115.22989999999999,515.312
CAEC,32.7914,-115.56489999999997,-41.785
CAEG,38.3811,-121.36509999999998,-9.811
CAEL,40.4217,-120.7029,1456.86
CAES,33.701,-117.3127,450.897
CAEU,40.805,-124.1361,-22.117
CAFA,38.2491,-122.06790000000001,-12.122
CAFM,41.0179,-121.43110000000001,996.43
CAFP,36.424,-120.10199999999998,38.521
CAFR,36.8144,-119.7475,90.457
CAFT,37.47,-121.9248,-13.008
CAGD,34.1284,-117.827,249.339
CAGR,37.0518,-121.53909999999996,74.065
CAGW,32.7121,-114.94319999999999,22.134
CAHA,36.3234,-119.62279999999998,46.902
CAHB,37.5062,-122.49029999999999,-18.779
CAHF,36.8548,-120.779,99.099
CAHV,32.7702,-115.2733,-21.875
CAIB,32.5748,-117.1266,-25.421
CAIS,35.6027,-118.4873,726.736
CAKC,36.008,-119.9674,57.103
CAL5,34.1083,-118.24180000000001,86.638
CAL8,34.8061,-118.8716,1369.455
CALA,38.5963,-118.12869999999998,1868.938
CALB,37.0983,-120.70169999999996,3.168
CALK,33.6355,-117.71429999999998,76.647
CALL,39.6878,-116.774,1845.666
CALS,34.6488,-118.14710000000002,738.648
CAM5,35.5293,-121.04290000000003,17.011
CAMB,38.7922,-119.07310000000001,1519.118
CAMC,37.3656,-120.4223,64.69
CAMD,36.9755,-120.07920000000001,54.58
CAMS,41.3142,-122.31439999999998,1068.551
CAMT,36.5796,-121.8202,51.481
CAMV,39.1483,-121.59249999999997,-4.421
CANC,33.886,-117.57310000000001,151.385
CAND,35.9394,-120.43369999999999,568.378
CANI,33.2375,-115.5172,-69.02
CAOD,37.7694,-120.83780000000002,20.957
CAOR,32.9327,-115.29160000000002,-23.813
CAOS,33.1978,-117.37810000000002,-3.373
CAOV,39.4963,-121.6098,38.134
CAOX,34.1908,-119.1737,-14.478
CAP1,37.7142,-122.22210000000001,-20.848
CAP4,37.4303,-121.06780000000003,-4.594
CAP6,37.3949,-122.15049999999997,42.489
CAPE,33.7466,-118.2801,-13.992
CAPL,37.6956,-121.90160000000003,78.726
CAPV,38.6973,-120.82420000000002,529.685
CAR1,33.9209,-117.41660000000002,239.184
CARA,33.0427,-116.86670000000004,413.834
CARH,35.8884,-120.43079999999998,480.252
CARK,38.7904,-121.31259999999997,18.317
CARR,35.8883,-120.43079999999998,478.642
CARS,39.1449,-119.79939999999999,1750.247
CAS4,33.7595,-117.91300000000001,-1.248
CAS6,33.7594,-117.91300000000001,-1.883
CASA,37.6446,-118.89670000000001,2390.377
CASD,32.8143,-117.12239999999997,104.745
CASE,33.4554,-117.404,776.484
CASI,40.8327,-119.23720000000003,1266.504
CASJ,33.8073,-116.97140000000002,442.788
CASM,34.0177,-118.4717,30.189
CASN,34.4157,-119.84530000000001,3.483
CASR,38.4407,-122.74700000000001,11.46
CASU,36.959,-122.0546,2.424
CASZ,36.959,-122.0546,2.418
CAT1,33.4458,-118.483,3.917
CAT2,33.3116,-118.3338,477.241
CAT3,33.4458,-118.483,5.122
CAT8,37.6938,-121.4479,25.927
CATC,33.8462,-118.35570000000001,6.867
CATE,33.5142,-117.17809999999997,290.962
CATF,35.1492,-119.45979999999997,259.875
CATK,39.3355,-120.16989999999998,1796.429
CATL,37.5012,-120.84450000000004,13.824
CAVI,34.5113,-117.3229,879.582
CAWI,39.5216,-122.21569999999997,19.839
CAWO,36.4003,-119.10379999999998,104.202
CAWS,33.07,-115.7353,-79.146
CAWV,34.1593,-118.83280000000002,247.524
CAYC,39.1453,-121.64260000000002,-4.109
CBAD,33.1213,-117.31759999999997,-5.337
CBHS,34.1386,-118.62979999999999,284.61
CCCC,35.5653,-117.6712,813.98
CCCO,33.8763,-118.21119999999996,-16.944
CCCS,33.8627,-117.86490000000003,31.822
CCSF,37.7488,-122.40049999999997,-16.414
CCST,34.8064,-119.01350000000002,1578.091
CCWR,36.1102,-115.0387,494.701
CCYN,39.1024,-119.34770000000003,1532.104
CDMT,34.8295,-116.33590000000004,936.558
CERB,35.4646,-114.04089999999997,936.201
CERR,36.5364,-117.8209,2043.444
CGDM,34.244,-117.9649,704.681
CHAB,37.7241,-122.11930000000001,213.928
CHIA,37.8382,-118.207,1982.909
CHIL,34.3334,-118.02600000000001,1567.505
CHLO,36.7465,-116.76549999999997,864.224
CHMS,34.6405,-117.8277,760.296
CHNA,39.7203,-117.06190000000004,1887.508
CHO5,39.4326,-121.66499999999996,16.647
CHO6,39.4329,-121.66489999999999,17.214
CHOR,35.3327,-120.7348,66.957
CHOW,37.0849,-120.21050000000002,46.661
CINN,39.8053,-118.88480000000004,1288.991
CIRX,34.1096,-118.9373,488.212
CIT1,34.1367,-118.12729999999999,215.354
CJMG,34.2712,-117.42449999999997,1584.414
CJMS,34.3138,-117.4794,933.354
CJVG,34.5303,-118.14420000000001,1304.846
CLAR,34.1099,-117.7088,373.623
CLBD,33.1354,-117.31100000000004,20.582
CLIO,39.7675,-120.54939999999999,1486.381
CLOV,40.5584,-114.87419999999997,2084.911
CLV1,36.2146,-115.25819999999999,703.41
CLV2,36.3177,-115.27109999999999,734.125
CLV3,36.182,-115.34979999999996,986.028
CMBB,38.0342,-120.38599999999997,695.713
CME5,40.4418,-124.3963,305.73
CME6,40.4414,-124.3963,304.072
CMNC,38.2063,-120.99950000000001,53.785
CMOD,37.6413,-121.0,28.116
CMP9,34.3532,-118.41139999999996,1138.06
CMPO,32.6866,-116.5265,904.562
CMRP,32.9672,-117.09119999999996,140.938
CNDR,37.8964,-121.27850000000001,-20.744
CNPP,33.8576,-117.6089,300.311
COAG,32.8635,-115.12329999999997,3.653
COAL,40.2502,-118.34609999999998,1410.496
COF1,39.605,-119.24059999999997,1251.989
COKG,32.8505,-115.7285,-46.917
COLD,39.411,-117.85090000000002,1690.819
COLU,38.0888,-118.05399999999997,1468.34
COMA,37.2642,-119.69010000000003,662.359
CON1,38.0017,-122.05560000000003,-17.34
CONW,38.1248,-119.1723,2477.758
COPP,39.915,-118.19690000000003,1280.637
COPR,34.4149,-119.87950000000001,-22.84
CORX,32.4154,-117.2482,74.322
COSJ,36.0634,-117.88099999999997,1176.023
COSO,35.9823,-117.8089,1455.441
COTD,33.7325,-116.38689999999997,27.78
COTT,41.5907,-119.34180000000003,1853.305
COWT,37.91,-118.79309999999998,2206.183
COYA,32.7012,-114.6207,32.98
CPBN,35.0717,-117.57299999999998,835.827
CRAM,37.0812,-116.8184,1480.165
CRAT,36.8077,-116.5693,972.519
CRBT,35.7916,-120.75080000000003,205.434
CRCN,36.114,-119.56799999999998,28.64
CRFP,34.0391,-117.09969999999998,688.825
CRGG,35.2421,-119.72479999999996,1173.058
CRHS,33.8235,-118.27279999999996,-23.524
CRPL,38.7344,-117.50350000000003,2248.756
CRRS,33.0698,-115.73500000000001,-81.906
CRU1,34.0293,-119.78480000000002,702.183
CRYS,39.2491,-120.00970000000001,2098.144
CSCI,34.1684,-119.03899999999999,70.849
CSDH,33.8615,-118.25670000000002,-9.175
CSJB,37.319,-121.85990000000004,19.458
CSN1,34.2535,-118.5238,261.462
CSST,34.4081,-119.37119999999999,162.489
CTDM,34.5165,-118.6132,406.066
CTMS,34.1241,-116.37040000000002,966.48
CUHS,34.9426,-119.6739,635.298
CVHS,34.082,-117.9017,119.084
DAEX,32.2245,-115.41919999999999,399.309
DAM1,34.334,-118.3974,584.161
DAM2,34.3348,-118.39689999999996,583.378
DAM3,34.334,-118.39750000000004,580.008
DAPK,35.2543,-120.7715,388.842
DAVI,39.9564,-120.57849999999996,2007.646
DCAN,35.2115,-120.8451,243.438
DDMN,37.7442,-118.9812,2265.417
DECH,38.0515,-119.0906,1947.579
DEEP,37.3426,-118.04719999999998,1640.693
DELI,37.4327,-120.77459999999996,7.806
DESC,32.8299,-116.64179999999999,957.318
DETR,35.9169,-114.48379999999997,537.908
DEVL,36.4376,-116.27969999999999,751.713
DHLG,33.3898,-115.78800000000001,-83.044
DIAB,37.8786,-121.91560000000004,990.26
DIAM,40.2042,-120.47249999999997,1968.801
DIXN,38.4687,-121.8286,-9.119
DLNO,35.75,-119.24310000000003,63.906
DLUZ,33.4306,-117.30719999999997,212.696
DMAR,32.9277,-117.21690000000001,81.119
DNNL,38.3307,-119.92869999999999,1921.001
DOND,37.2643,-119.69010000000003,665.739
DONO,36.6925,-119.01800000000003,1187.94
DOT1,39.1562,-119.76339999999999,1415.789
DOYL,40.0259,-120.14729999999997,1686.228
DREW,36.0058,-119.95839999999998,44.04
DRYC,38.6068,-117.33000000000004,1953.784
DRYV,40.4015,-119.85210000000001,1288.756
DS13,35.2478,-116.79150000000004,1044.2
DSHS,34.0239,-118.3485,-2.103
DSME,33.0365,-117.24950000000001,56.126
DSSC,33.7333,-116.71209999999996,1660.869
DTPG,35.2675,-117.84590000000003,910.255
DUBP,37.7276,-121.8551,202.721
DUNF,37.3136,-117.3089,1961.436
DVAL,38.7636,-119.77010000000001,1729.559
DVLE,33.7006,-117.0007,532.51
DVLS,33.6911,-117.05359999999996,508.621
DVLW,33.6577,-117.06740000000002,528.076
DVNE,33.6935,-116.99369999999999,508.36
DVNW,33.6734,-117.0661,509.124
DVPB,34.4134,-117.86009999999999,1430.856
DVSE,33.6808,-116.99040000000002,508.617
DVSW,33.6679,-117.0661,509.071
DYER,37.7428,-118.03930000000003,1511.925
DYH2,33.9383,-118.1275,10.838
DYHS,33.938,-118.12599999999998,1.467
EAGL,36.1916,-116.36689999999999,583.906
EBBS,38.5476,-119.8159,2732.187
EBMD,37.815,-122.28380000000004,-16.026
ECCO,33.8868,-118.32900000000001,-19.345
ECFS,33.6477,-117.4117,801.417
ECHO,37.9155,-114.26419999999996,1684.103
EDNA,40.901,-117.31470000000002,1476.175
EDPP,34.9462,-118.8304,379.808
EGAN,39.3452,-114.93889999999999,1998.272
ELDO,38.6054,-121.0582,125.637
ELGI,37.3546,-114.52189999999996,1189.0
ELKG,38.4018,-121.35339999999997,-8.704
ELKO,40.9147,-115.81720000000001,2016.885
ELLY,33.5835,-118.12880000000001,-2.878
ELSC,34.0297,-118.20839999999998,61.179
ELSG,33.6491,-117.42599999999999,811.341
ELTN,34.7031,-118.4257,916.482
ELTS,34.5993,-118.4538,887.09
ENGL,39.4615,-120.53719999999998,1912.828
EOCG,34.4508,-119.76980000000003,42.473
EPAS,37.9197,-117.88069999999999,1817.113
ERRG,33.1164,-115.8227,-92.406
ESC1,33.1162,-117.11220000000003,181.877
ESCN,33.1289,-117.11829999999998,176.255
ESE2,33.6748,-116.9939,512.816
ESRW,33.6818,-117.06700000000001,548.62
EVER,41.8646,-120.58269999999999,1579.601
EWLK,38.6927,-118.63810000000001,1327.783
EWPP,34.1042,-117.5256,330.491
FARB,37.6972,-123.00080000000003,-21.723
FARR,40.513,-118.73410000000001,1610.642
FCTF,34.0666,-118.44209999999998,148.455
FERI,40.0765,-120.30830000000003,1796.202
FGNW,34.0509,-118.25940000000003,273.436
FGSE,34.0507,-118.25919999999996,273.427
FGST,34.733,-120.00940000000003,904.076
FGSW,34.0507,-118.25940000000003,273.423
FHFF,34.5147,-118.60969999999998,334.464
FHOG,34.0935,-116.9359,1588.675
FIRE,39.9036,-119.0899,1426.697
FISH,37.5671,-118.00649999999996,1621.015
FITT,40.3321,-118.09249999999997,1454.688
FLAN,40.1583,-119.82010000000002,1263.63
FLAT,38.304,-118.4631,1895.098
FLEM,40.418,-120.27980000000002,1360.305
FLN1,39.4666,-118.76369999999997,1187.352
FMTP,34.4099,-118.89409999999998,362.816
FMVT,34.3563,-118.88400000000001,617.0
FOST,41.1089,-120.79200000000003,1617.22
FOXG,34.7339,-118.2405,688.815
FOXR,40.5752,-119.47230000000002,1299.992
FPPB,37.3135,-120.47120000000001,29.162
FRE1,36.8198,-119.73169999999999,80.421
FREN,39.8838,-120.22219999999999,1835.815
FRFD,38.223,-122.13919999999996,-14.365
FRG1,39.3963,-118.63459999999998,1248.546
FRG2,39.3566,-118.63659999999999,1251.081
FRG3,39.3822,-118.70659999999998,1170.79
FRG4,39.3892,-118.69730000000004,1171.427
FRG5,39.4216,-118.71100000000001,1179.33
FSHB,32.945,-115.79989999999998,134.95
FVPK,33.6623,-117.9357,-11.513
FXHS,34.0806,-118.35950000000003,33.321
FZHS,34.8002,-118.89340000000004,1273.707
GABB,38.9703,-117.91640000000001,1550.281
GALE,36.2191,-114.73900000000003,598.548
GARC,40.4169,-119.35559999999998,1643.832
GARD,36.1611,-114.94119999999998,571.0
GARL,40.4165,-119.3555,1640.227
GARR,40.6256,-118.97929999999997,1738.941
GASB,39.6547,-122.71590000000003,1361.937
GDEC,35.1894,-119.8637,566.233
GEIG,39.3837,-119.70100000000002,1726.694
GEMF,37.745,-117.29849999999999,1857.523
GEND,39.0895,-117.1619,1791.811
GEOR,38.2223,-116.6877,1805.054
GERL,40.6498,-119.36090000000002,1186.778
GHRP,34.2039,-117.39789999999999,628.617
GILL,38.6729,-118.50850000000003,2036.121
GIRL,39.6284,-120.00530000000003,1610.02
GISA,34.0693,-117.2183,343.471
GLRS,33.2748,-115.52139999999997,-48.656
GMAG,34.2914,-116.38260000000002,866.738
GMPK,33.0511,-114.82730000000004,591.182
GMRC,34.784,-115.66020000000003,1298.184
GNPS,34.3086,-114.18939999999998,232.362
GOAT,36.5267,-114.06780000000003,1453.179
GOL2,35.4252,-116.88929999999999,986.692
GOLD,35.4252,-116.88929999999999,986.689
GOLM,40.4618,-117.60050000000001,1465.182
GOSH,40.6402,-114.17970000000003,1560.193
GR8R,36.399,-120.41570000000002,206.026
GR8V,36.399,-120.41579999999999,204.296
GRAN,40.0869,-119.04910000000001,1517.311
GRAV,41.3499,-120.60519999999997,1380.19
GRDV,38.9125,-119.69220000000001,1496.468
GRES,33.2776,-115.52390000000003,-45.274
GRN5,36.3405,-121.25530000000003,50.591
GVG1,39.0483,-118.10230000000001,1855.811
GVG2,38.8116,-118.05989999999997,1367.505
GVG3,38.8677,-118.2294,1279.133
GVG4,38.8812,-118.39519999999999,1321.13
GVG5,38.9758,-118.25649999999996,1284.928
GVG6,38.9452,-118.16769999999997,1286.69
GVG7,38.8172,-117.92740000000003,1514.245
GVRS,34.0474,-118.11289999999997,154.517
HAND,38.9738,-118.3483,1350.095
HANN,38.0978,-116.8981,1902.334
HAPY,36.0641,-117.2047,400.19
HAR7,35.0115,-117.29920000000004,590.37
HARV,34.4694,-120.68209999999999,14.917
HAZE,39.5868,-119.048,1299.548
HBCO,33.7836,-118.2858,-26.882
HCMN,34.7548,-116.43010000000004,568.744
HCRO,40.8159,-121.4699,1000.14
HEAV,40.7828,-120.72860000000003,1675.315
HELB,36.6788,-119.02300000000002,1105.339
HELL,36.7236,-116.97919999999999,660.013
HELP,36.6802,-119.02279999999996,1120.421
HENN,39.5182,-120.53370000000001,2127.817
HFVV,34.5105,-117.32589999999999,881.985
HIDD,38.841,-118.53120000000001,1535.487
HIGH,36.2831,-116.15280000000001,886.02
HIKO,37.6968,-115.17750000000001,1266.897
HIMT,35.2713,-120.46180000000004,771.495
HIVI,34.7599,-117.79949999999997,930.85
HMTG,33.7081,-117.00149999999996,577.027
HMWD,35.8838,-117.4151,1208.364
HNA1,33.6503,-117.71629999999999,78.039
HNPS,33.705,-115.63530000000003,393.952
HNTS,38.5031,-116.83870000000002,2082.405
HOGS,35.8667,-120.47950000000003,762.836
HOL3,34.4582,-117.8451,1239.408
HOLC,34.4582,-117.84519999999998,1238.23
HOLP,33.9245,-118.16820000000001,-6.72
HOME,35.0478,-114.90129999999999,685.679
HONY,40.08,-119.93669999999997,1307.315
HOOT,33.1051,-116.78539999999998,617.23
HOPB,38.9952,-123.0747,353.263
HORS,40.5923,-120.49520000000001,1624.284
HOTK,37.6586,-118.82130000000001,2143.181
HOTS,41.1544,-117.4742,1897.295
HSIB,37.5921,-122.36940000000004,-23.973
HSIS,38.5372,-121.40769999999998,-11.281
HUAL,35.7392,-114.01890000000003,945.663
HUNG,39.6893,-119.75369999999998,1552.439
HUNT,35.8808,-120.4024,449.338
HVYS,34.4412,-119.1875,373.951
HW50,39.4251,-116.75720000000001,1886.113
HW62,34.065,-114.84469999999999,220.777
HW89,39.5563,-120.3399,1688.82
HW95,37.1934,-116.9452,1227.728
I40A,34.7273,-115.91139999999996,765.296
IBEX,35.8484,-116.36779999999999,700.973
ICKY,38.8817,-117.7373,1960.501
ICOR,37.4663,-117.29830000000004,1555.396
IDOG,33.7968,-116.22149999999999,434.972
IDQG,33.768,-116.23900000000003,-1.331
IID2,32.7062,-115.03179999999998,9.792
IMPS,34.1576,-115.14510000000001,563.227
INDE,36.7976,-118.24689999999998,1390.017
INDI,38.6501,-118.3039,1915.157
INKH,38.7359,-117.017,2119.724
INV1,39.2521,-119.97050000000002,1948.024
IRVI,33.6947,-117.82159999999999,-14.826
ISLK,35.6623,-118.47429999999997,823.37
IVAN,35.7271,-115.41050000000001,942.219
IVCO,32.8294,-115.5068,-53.425
IXLC,39.6625,-118.1866,1239.023
IZZN,40.866,-116.84410000000003,1561.848
JACK,38.114,-118.40629999999999,1724.229
JAKE,41.152,-117.0634,1464.158
JAMI,39.7351,-120.7228,1672.994
JAS1,32.8279,-116.98810000000003,97.534
JEAN,35.851,-115.17790000000002,920.24
JERS,40.278,-117.4377,1500.789
JLN5,35.8732,-120.8329,141.016
JNHG,34.4491,-117.9554,1276.149
JNPR,37.7717,-119.0847,2309.14
JOHN,36.4588,-116.09899999999999,871.711
JONE,37.1522,-114.20179999999999,1124.992
JPL3,34.2016,-118.17430000000002,372.705
JPL4,34.2016,-118.17430000000002,372.709
JPLF,34.2018,-118.17779999999999,360.219
JPLM,34.2048,-118.17320000000001,424.001
JPLQ,34.2018,-118.17779999999999,360.198
JPLT,34.2018,-118.17779999999999,360.199
JPLV,34.2016,-118.17430000000002,372.68
JRSC,37.4062,-122.22739999999999,144.261
JUNG,40.9078,-118.41160000000002,1309.729
JUNI,40.323,-119.06830000000002,1410.092
KBRC,34.3985,-119.00819999999999,370.485
KDL1,36.3196,-119.55650000000003,46.14
KDMM,33.6356,-117.71429999999998,75.935
KEMP,35.6115,-114.4647,899.668
KENN,36.0357,-118.2013,2208.215
KGMN,35.2311,-114.00239999999997,1015.63
KING,35.1974,-114.04150000000004,1129.5
KINS,38.9606,-119.85130000000004,1738.646
KITT,40.0626,-117.91229999999996,1655.583
KMOC,32.825,-117.16219999999998,91.306
KNOL,37.6591,-118.97919999999999,2651.774
KRAC,37.7133,-118.88049999999998,2377.709
KUMI,40.4435,-118.9699,1370.713
KYLE,40.4014,-117.85480000000001,1529.069
KYVW,33.9254,-116.17340000000002,1498.216
LACE,39.4575,-120.44169999999997,2149.679
LACR,40.8508,-115.70370000000003,1653.766
LAKE,39.9361,-119.37530000000004,1186.945
LAN4,34.6724,-118.1275,718.36
LAND,35.8998,-120.4733,568.555
LANT,38.5147,-119.4889,1801.548
LAPC,34.1819,-118.5747,207.813
LAPL,39.3941,-118.30439999999999,1473.208
LASC,33.9279,-118.30650000000003,24.674
LAVA,37.0295,-118.1807,1459.0
LAWS,37.3931,-118.29230000000001,1580.711
LBC1,33.8321,-118.1372,-21.964
LBC2,33.7916,-118.17320000000001,-28.467
LBCH,33.7878,-118.20330000000001,-27.517
LBNO,32.8812,-117.23750000000001,115.147
LBRF,32.8861,-117.2303,56.451
LBSE,32.8811,-117.23750000000001,115.141
LBSW,32.8811,-117.23759999999999,115.143
LDES,34.2673,-116.43279999999999,978.073
LDSW,34.6994,-116.20910000000003,640.928
LEBC,34.8252,-118.87189999999998,1091.08
LEEP,34.1346,-118.3218,485.051
LEIC,37.7752,-121.96870000000001,120.844
LEMA,36.292,-119.7824,34.971
LEMO,39.5809,-120.30770000000001,1646.068
LEVV,34.5163,-117.33190000000002,874.602
LEWI,40.4035,-116.86189999999999,2916.712
LEWY,34.2586,-119.24099999999999,-4.715
LFRS,34.0951,-118.4128,146.894
LGBH,33.7872,-118.21280000000002,-29.209
LGWD,33.6406,-117.7645,88.696
LICE,36.8566,-116.40129999999999,1108.2
LIKE,41.2278,-120.44319999999999,1404.603
LINC,37.6372,-119.01729999999998,3056.94
LIND,36.36,-119.05790000000002,144.268
LINJ,34.662,-118.13919999999996,721.38
LITT,36.7459,-116.3082,1056.479
LIVM,37.703,-121.70209999999997,159.352
LJRN,34.8075,-118.86770000000001,1422.485
LKHG,33.236,-116.75880000000001,823.294
LKN1,40.8599,-115.7423,1582.11
LL01,34.4855,-117.83500000000004,1005.324
LLAS,34.586,-117.83789999999999,812.48
LMHG,33.7442,-117.3913,464.527
LMRR,39.5385,-119.81309999999996,1373.7
LMSG,33.8174,-117.44510000000002,413.094
LNC1,38.8465,-121.35019999999997,5.921
LNC2,38.8465,-121.35050000000001,5.869
LNGV,41.7852,-119.75239999999997,1735.989
LNMT,35.0902,-116.93970000000002,1345.288
LNRD,41.4766,-118.71010000000001,1275.648
LODI,38.1358,-121.27729999999997,-10.198
LOMP,34.6909,-120.44659999999999,63.579
LONC,40.6607,-120.61519999999996,2052.153
LONG,34.1119,-118.0034,74.245
LONP,36.5526,-118.11540000000002,1489.222
LOOM,38.8346,-121.18619999999999,112.042
LORS,34.1333,-117.7541,448.88
LOST,41.0739,-119.7738,1642.176
LOWS,35.8287,-120.59429999999998,428.666
LPCG,34.3149,-117.5464,1315.291
LPHS,34.0268,-117.95670000000001,68.509
LRA1,37.8746,-122.2439,181.515
LRA2,37.875,-122.24379999999996,190.883
LRA3,37.8754,-122.24369999999999,201.715
LRA4,37.8762,-122.2407,227.856
LRA5,37.878,-122.24009999999998,257.735
LRA6,37.9132,-122.28589999999997,122.935
LRRG,34.5271,-118.02999999999997,874.995
LUCK,38.4236,-118.76890000000003,2448.528
LUDW,38.9877,-119.28460000000001,1526.912
LUNC,39.6291,-120.50080000000003,2143.849
LUTZ,37.2869,-121.86519999999996,95.102
LUXO,40.5145,-119.23230000000001,1538.65
LVIL,41.0704,-119.37760000000003,1593.296
LVMS,34.7336,-119.1037,1543.081
LVWD,36.1595,-115.19130000000001,631.708
LYAL,39.669,-120.185,1658.456
MADE,41.0352,-120.43560000000002,1702.027
MAJU,40.707,-118.4366,1426.158
MAN3,37.7875,-121.19470000000001,-12.008
MANH,38.5031,-117.1807,1903.322
MARK,38.6769,-119.80060000000003,1827.192
MASC,41.6051,-119.548,1749.163
MASO,39.0742,-119.16319999999996,1354.598
MASV,38.8931,-119.12739999999997,1391.303
MASW,35.8326,-120.44309999999996,713.744
MAT2,33.8568,-117.43669999999997,398.316
MATH,33.8567,-117.4368,396.915
MAX1,39.2739,-122.19049999999999,3.917
MCCM,38.1448,-122.8802,-3.751
MCKI,40.2085,-117.78380000000004,1590.701
MCOY,40.1179,-117.59000000000003,1184.065
MEAD,36.0855,-114.0829,573.359
MEE1,36.1869,-120.7586,788.814
MEE2,36.1805,-120.76679999999999,681.466
MERC,36.6325,-115.97900000000004,1256.877
MESQ,35.6939,-115.70370000000003,1114.965
MEXI,32.633,-115.47569999999996,-22.339
MHCB,37.3415,-121.64260000000002,1261.765
MHDL,37.8423,-122.49430000000001,65.889
MHMB,39.1483,-121.59230000000002,-5.309
MHMS,33.9391,-118.2441,-2.461
MICH,38.5218,-118.91149999999999,1721.221
MIDA,35.9219,-120.4588,570.698
MIG1,34.0383,-120.35140000000001,130.924
MILK,34.1368,-118.12630000000001,243.285
MILL,40.6518,-118.06389999999999,1315.666
MILP,37.449,-121.83410000000003,336.268
MILR,38.1199,-117.44190000000003,1487.261
MINA,38.4196,-118.1551,1497.952
MINE,40.1484,-116.09550000000002,2075.642
MINN,37.954,-121.7224,-3.525
MINS,37.6538,-119.0609,2776.927
MISE,37.6865,-114.245,1805.009
MJPK,33.7145,-117.5505,1528.011
MLFP,33.9184,-117.31799999999998,472.969
MNDS,39.6247,-120.4006,1493.285
MNMC,35.9695,-120.4341,1061.912
MNRC,38.8787,-122.44280000000003,707.806
MOD1,37.6382,-120.99279999999999,-1.13
MODB,41.9023,-120.30279999999999,1567.22
MOGL,39.5252,-119.92629999999997,1517.568
MOHA,39.6845,-120.60419999999999,2192.576
MOHO,38.2462,-118.24509999999998,1965.36
MOIL,40.7107,-115.41210000000001,2160.447
MOLA,37.9466,-122.41989999999998,-20.289
MON6,36.5722,-121.8064,36.648
MONB,37.4853,-121.86689999999999,750.362
MONI,39.1477,-116.7156,2109.252
MONO,37.8978,-119.12040000000002,2154.149
MONP,32.8919,-116.4223,1842.561
MONT,38.0778,-117.70839999999998,1639.322
MORG,40.4474,-120.06540000000001,1520.719
MOUN,40.3034,-117.0695,1503.064
MPWD,34.2955,-118.87799999999999,190.235
MRCD,37.3055,-120.48580000000004,31.377
MRDM,34.1752,-117.88170000000002,328.04
MRPK,34.2861,-118.86930000000001,139.694
MRRY,35.2935,-118.75260000000003,241.302
MRYV,39.1483,-121.59230000000002,-4.392
MSC1,34.0385,-116.64800000000002,913.054
MSHP,37.5563,-121.92489999999998,172.201
MSOB,34.2308,-117.21010000000001,1733.145
MTA1,34.0552,-118.24549999999999,72.611
MTGG,33.1992,-116.6472,1066.72
MTVW,37.4167,-122.09969999999998,-24.129
MTWK,37.778,-121.18450000000001,-13.962
MUDD,36.3936,-114.6936,803.414
MULL,39.8782,-119.64769999999999,1430.988
MULN,36.5651,-120.09159999999997,25.794
MUSB,37.1699,-119.30939999999998,2042.522
MUSD,34.2616,-119.096,33.785
MVFD,33.2109,-116.52530000000002,1190.088
MWTP,37.6405,-118.94470000000001,2317.38
MXGE,32.6412,-115.4767,-19.4
MXGM,32.6413,-115.47720000000004,-19.405
MXGW,32.6413,-115.47699999999998,-19.382
MXS1,32.6435,-115.47389999999996,-33.087
NACH,39.9966,-119.2192,1692.841
NARR,39.2546,-119.28319999999997,1287.829
NAYX,32.3243,-115.2955,-23.856
NBPS,34.5086,-116.14819999999997,1098.766
NDAP,34.7677,-114.61860000000001,241.367
NELS,35.714,-114.79589999999996,668.87
NEVA,36.8504,-116.31029999999998,1290.136
NEWS,39.6856,-117.50890000000004,1770.421
NFLN,39.4216,-118.7108,1194.15
NHRG,34.4987,-119.1413,1648.741
NIPO,35.0908,-120.53829999999999,56.1
NOCO,33.9197,-117.56960000000004,186.789
NOPE,35.9695,-115.98500000000001,844.205
NOPK,33.9797,-118.34800000000001,33.109
NORA,38.3153,-119.74369999999999,2093.779
NORD,38.886,-119.3202,1477.03
NPAS,39.5821,-117.5358,1723.597
NSSS,32.5793,-116.97270000000003,123.611
NUNE,37.9631,-122.24630000000002,96.881
NVAG,36.4485,-116.46370000000002,665.358
NVAL,37.3699,-115.15899999999999,1040.32
NVB1,35.9728,-114.8537,739.672
NVBC,35.9728,-114.85360000000003,739.529
NVBM,35.9698,-115.15750000000003,712.505
NVC1,36.7993,-114.92500000000001,685.075
NVCA,36.2198,-115.1721,645.418
NVCC,39.1808,-119.76530000000002,1419.137
NVCO,36.7954,-114.892,643.508
NVDB,36.0773,-115.2876,759.547
NVFN,39.4746,-118.79809999999998,1193.862
NVFW,36.1118,-115.02070000000003,510.398
NVGL,36.6734,-114.52279999999996,524.209
NVH1,36.03,-114.98270000000002,598.406
NVH2,35.9769,-115.10040000000004,770.69
NVIS,36.5777,-115.6463,933.725
NVKP,36.3897,-114.92669999999998,666.979
NVL1,36.097,-115.19029999999998,648.903
NVLA,35.1706,-114.57979999999998,162.107
NVLM,36.0697,-114.8132,362.054
NVLV,36.0835,-115.18489999999997,654.483
NVLX,32.3935,-115.1832,-21.468
NVM1,36.8095,-114.09069999999997,487.371
NVMM,39.4494,-119.78030000000001,1354.198
NVMQ,36.803,-114.07050000000004,468.037
NVMV,36.5329,-114.41110000000003,379.464
NVNL,36.2122,-115.12620000000004,559.721
NVOV,36.5416,-114.44830000000002,371.922
NVPI,37.937,-114.45089999999999,1793.45
NVPO,35.9563,-115.49559999999997,2491.7
NVRM,36.0246,-114.92169999999999,674.614
NVRO,39.5208,-119.73220000000003,1320.414
NVSL,35.4659,-114.92150000000004,1052.99
NVSN,36.0856,-115.19849999999997,666.917
NVSP,39.5286,-119.70190000000002,1326.284
NVSV,38.9168,-114.40269999999998,1775.79
NVTP,36.0992,-115.32900000000001,845.157
NVWS,36.725,-114.71550000000002,513.79
NYOR,35.4911,-115.15909999999997,1358.087
OAES,34.141,-116.0677,604.797
OASI,37.0367,-116.79079999999999,1236.237
OAT2,34.3299,-118.60140000000001,1112.586
OBRC,32.745,-117.24549999999999,-12.567
OBSV,40.7354,-120.15750000000003,1668.028
OCSD,33.2407,-117.3467,42.895
OEOC,33.7659,-117.7441,358.614
OGHS,33.1306,-117.04179999999997,185.225
OHLN,38.0063,-122.27300000000002,-0.55
OLNC,36.2101,-117.90449999999998,1356.264
OMRE,32.5603,-116.95349999999996,121.392
ONLY,40.9638,-120.2681,1647.128
OPBL,34.3699,-115.91809999999998,1226.543
OPCL,34.4277,-116.3055,1312.911
OPCP,34.3671,-116.08339999999998,1096.665
OPCX,34.4301,-116.14949999999999,1133.821
OPRD,34.533,-116.29230000000001,1400.207
ORC3,34.8504,-120.4805,210.779
ORC4,34.8491,-120.47550000000001,258.85
ORC5,34.8021,-120.44309999999996,103.607
ORCU,34.8504,-120.48070000000001,212.41
ORE2,37.4598,-121.75189999999998,601.643
ORE3,37.4615,-121.75080000000003,662.085
OREO,37.4607,-121.75120000000004,640.35
ORES,34.7391,-120.27859999999998,143.818
ORMT,34.6749,-116.81510000000003,1893.312
ORVB,39.5546,-121.50030000000004,340.0
OTAY,32.608,-116.93219999999997,132.582
OTHQ,32.7238,-116.9676,121.198
OVLS,34.3274,-119.14189999999996,69.212
OWEN,36.7426,-118.055,1160.837
OXMT,37.4994,-122.42430000000002,209.083
OXYC,34.1288,-118.20730000000003,209.836
OZST,34.6834,-119.35339999999997,1059.176
P002,39.5211,-117.18650000000002,1741.68
P003,32.7225,-114.005,50.993
P005,39.9102,-115.27859999999998,2015.69
P006,36.1542,-114.45690000000002,365.216
P007,41.7242,-114.81970000000001,1686.582
P013,41.4287,-117.33000000000004,1433.406
P017,41.2759,-119.93549999999999,2390.645
P056,36.0274,-119.06290000000001,101.922
P058,40.8763,-124.0754,21.402
P059,38.9283,-123.7262,-11.3
P060,40.9976,-122.41489999999999,430.811
P066,32.6165,-116.16980000000001,822.89
P067,35.5518,-121.00299999999999,107.008
P068,39.3056,-117.9848,1455.909
P069,39.2879,-117.60489999999999,1886.372
P071,39.3465,-117.40120000000002,2085.326
P072,39.5215,-116.74090000000001,2061.207
P073,39.5005,-116.42449999999997,1942.623
P074,39.5464,-116.0496,1947.708
P075,39.3742,-115.8888,1881.641
P076,39.5361,-115.51260000000002,2006.054
P077,39.3886,-115.43180000000001,2334.188
P078,40.4334,-117.87979999999999,1444.809
P079,39.2552,-114.69169999999997,2746.363
P080,39.1194,-114.2772,1972.898
P083,40.3206,-117.4676,1642.664
P085,40.4955,-116.7362,1661.201
P087,40.3632,-116.27930000000003,2358.417
P090,39.5728,-119.79989999999998,1503.649
P091,36.6143,-117.5315,1966.861
P092,36.8042,-117.40679999999998,2157.078
P093,36.606,-117.9941,1339.065
P094,37.2008,-117.70420000000001,1729.218
P095,39.6984,-119.5369,1608.804
P096,39.7956,-119.30560000000003,1243.284
P097,39.8388,-118.87389999999999,1210.378
P098,39.8889,-118.68439999999998,1286.569
P099,39.2123,-118.1594,2455.663
P102,39.9249,-115.55600000000004,2718.114
P127,39.4992,-119.59989999999999,1523.94
P128,39.4861,-119.0686,1320.007
P129,39.1339,-118.44960000000003,1714.115
P130,39.268,-118.93780000000004,1380.07
P131,39.4547,-118.35130000000004,1825.052
P132,38.7288,-118.00490000000002,1549.693
P133,38.7246,-118.46019999999999,1781.822
P134,38.9809,-118.93039999999996,1885.987
P135,38.7046,-119.0154,1692.138
P136,38.7614,-119.45849999999996,1773.263
P137,40.7798,-119.47680000000003,1331.783
P138,40.2422,-119.0102,1243.696
P139,39.9082,-119.72249999999997,1522.994
P140,38.8292,-120.69319999999999,1079.232
P141,39.0466,-120.38560000000001,2170.386
P142,39.1235,-119.8107,1784.917
P143,38.7602,-119.76480000000004,1733.572
P144,39.4667,-120.89300000000003,1436.863
P145,41.3577,-119.6243,1755.201
P146,39.3375,-120.53729999999996,2347.304
P147,39.9374,-120.2844,2488.91
P148,40.4186,-120.80600000000004,1584.555
P149,39.6021,-120.10500000000002,2634.676
P150,39.2924,-120.03390000000002,2619.062
P151,40.2889,-120.07730000000004,1313.042
P154,41.8071,-123.36009999999999,319.886
P155,41.2724,-123.18880000000001,1784.081
P156,40.0244,-123.90610000000004,488.994
P157,40.2475,-124.30809999999997,695.814
P158,40.4225,-124.10720000000003,873.696
P159,40.5048,-124.28280000000001,608.216
P160,40.5513,-124.13329999999996,94.222
P161,40.6374,-124.2131,32.43
P162,40.6911,-124.23699999999997,-6.441
P163,40.2196,-124.0573,425.243
P164,40.1193,-123.69330000000002,1148.316
P165,40.2455,-123.85329999999999,545.644
P166,40.4352,-123.8628,665.268
P167,40.5437,-123.8802,1021.144
P168,40.6686,-123.88149999999996,1093.448
P169,40.7911,-123.96770000000004,689.388
P170,40.8802,-123.86329999999998,918.12
P171,36.4855,-121.79250000000002,572.739
P172,36.2281,-121.7672,312.616
P173,35.9457,-121.2903,339.229
P174,36.3022,-121.05090000000001,342.11
P175,36.4259,-121.13490000000002,451.375
P176,37.4718,-122.3571,433.825
P177,37.5282,-122.49509999999998,71.777
P178,37.5345,-122.3324,129.054
P180,36.2928,-121.40319999999997,693.174
P181,37.9145,-122.3768,72.208
P182,38.495,-123.18119999999999,396.804
P183,38.3137,-123.06889999999999,10.403
P184,39.1172,-123.70889999999997,108.953
P185,39.2613,-123.7493,146.352
P186,39.1502,-123.51819999999998,372.801
P187,39.3525,-123.60249999999996,163.991
P188,38.6679,-123.2296,208.88
P189,38.9874,-123.34839999999997,176.93
P190,39.242,-123.20400000000001,202.811
P192,39.3197,-123.10519999999997,259.72
P193,38.1229,-122.90809999999999,66.598
P194,38.1857,-122.81630000000001,235.147
P195,38.6647,-122.95929999999998,146.82
P196,38.2981,-122.74260000000004,90.529
P197,38.4286,-122.76740000000001,0.033
P198,38.2599,-122.60739999999998,-4.603
P199,38.2637,-122.5034,55.677
P200,38.2398,-122.45169999999996,-25.082
P201,38.5598,-122.65840000000003,349.355
P202,38.4236,-122.49599999999998,584.099
P203,38.8661,-122.91700000000003,926.686
P204,38.6665,-122.71050000000002,276.662
P205,39.3981,-122.9631,771.075
P206,38.7778,-122.57579999999996,283.607
P207,39.26,-122.71860000000004,1826.598
P208,39.1093,-122.3039,74.321
P209,37.0693,-122.12670000000003,577.141
P210,36.8161,-121.73180000000002,3.039
P211,36.8792,-121.69799999999998,60.531
P212,36.962,-121.86270000000002,36.565
P213,37.2017,-121.99080000000004,167.104
P214,37.001,-121.79660000000001,73.234
P215,37.0488,-121.7629,708.614
P216,37.0024,-121.7262,336.911
P217,37.1045,-121.6506,72.283
P218,37.2035,-121.714,82.7
P219,37.3425,-122.28480000000002,300.867
P220,37.3299,-122.21429999999998,705.26
P221,37.337,-122.09899999999999,155.295
P222,37.5392,-122.08330000000001,53.509
P223,37.7221,-122.09979999999996,139.952
P224,37.8639,-122.21910000000003,407.352
P225,37.7139,-122.05830000000003,117.193
P226,37.3368,-121.82560000000001,5.058
P227,37.533,-121.78960000000001,707.418
P228,37.6018,-121.68690000000004,399.024
P229,37.7494,-121.97800000000001,289.333
P230,37.819,-121.78639999999996,648.016
P231,36.6217,-121.90539999999999,-26.351
P232,36.724,-121.57900000000001,105.344
P233,36.8004,-121.4203,196.821
P234,36.8585,-121.59119999999996,92.575
P235,36.8143,-121.54150000000004,361.692
P236,36.9035,-121.55449999999996,56.143
P237,36.637,-121.3868,711.549
P238,36.8491,-121.45280000000002,44.897
P239,36.9625,-121.5478,18.502
P240,37.0078,-121.54200000000003,25.736
P241,37.213,-121.5743,834.222
P242,36.9539,-121.46320000000003,14.783
P243,36.9182,-121.33519999999999,220.749
P244,37.0108,-121.35450000000003,58.694
P245,37.7131,-119.70609999999999,1579.822
P247,36.5595,-121.1884,569.072
P248,37.9756,-121.86869999999999,229.816
P249,36.6116,-121.06439999999998,1155.715
P250,36.95,-121.26840000000004,584.661
P251,36.8114,-121.34789999999998,128.211
P252,37.1696,-121.05770000000001,40.154
P253,37.4784,-121.65300000000002,1065.036
P254,37.4896,-121.4692,1076.179
P255,37.5819,-121.32490000000001,73.512
P256,37.932,-121.60480000000001,-30.683
P257,37.7553,-121.464,-24.698
P258,37.3854,-121.2833,390.791
P259,37.433,-121.10059999999999,3.884
P260,37.7112,-121.084,-9.002
P261,38.153,-122.21749999999997,118.175
P262,38.0251,-122.09609999999998,-8.589
P263,38.5777,-122.42920000000004,554.394
P264,38.4442,-122.19529999999997,231.059
P265,38.5302,-121.95420000000001,8.082
P266,38.184,-121.8435,22.449
P267,38.3803,-121.82320000000004,-17.459
P268,38.4735,-121.64639999999997,-23.906
P269,38.9995,-122.3546,298.215
P270,39.2438,-122.05520000000001,-12.299
P271,38.6574,-121.71449999999999,-18.18
P272,39.1455,-121.94309999999996,-12.049
P273,38.1158,-121.38810000000001,-26.358
P274,38.2831,-121.46050000000002,-27.772
P275,38.3215,-121.21460000000002,-5.221
P276,38.6453,-121.09519999999998,207.285
P277,37.1924,-122.36689999999999,115.293
P278,35.7113,-121.06079999999997,465.881
P279,35.7906,-121.06200000000001,469.916
P280,35.5441,-120.3476,476.429
P281,35.8411,-120.3895,383.847
P282,35.8378,-120.34519999999998,394.688
P283,35.8067,-120.2853,434.187
P284,35.9333,-120.90679999999998,512.233
P285,36.4172,-120.98149999999998,805.73
P286,36.5159,-120.85310000000004,538.829
P287,36.0248,-120.69780000000003,609.749
P288,36.1402,-120.87889999999999,397.699
P289,36.1068,-120.74879999999996,540.65
P290,36.1789,-120.72829999999999,987.747
P291,35.9228,-120.64480000000003,661.355
P292,36.0075,-120.4753,1018.612
P293,36.0894,-120.543,538.84
P294,36.1232,-120.43989999999997,509.4
P295,35.6971,-120.8424,583.504
P296,36.0517,-120.36360000000002,265.31
P297,35.9741,-120.55189999999999,629.301
P298,36.0158,-120.29409999999996,323.218
P299,36.2568,-120.71019999999999,809.371
P300,36.3044,-120.27699999999999,137.299
P301,36.8063,-120.74310000000003,89.234
P302,36.6347,-120.61860000000001,122.677
P303,37.0544,-120.70529999999997,-1.751
P304,36.739,-120.35659999999996,17.231
P305,37.3522,-120.1968,96.063
P306,37.7952,-120.6445,82.521
P307,36.9473,-120.05790000000002,49.507
P308,37.9012,-119.84019999999998,1501.863
P309,38.09,-120.95119999999997,41.424
P310,38.7356,-120.33429999999998,1791.328
P311,37.1776,-118.51980000000003,3698.635
P312,39.5292,-123.69839999999999,254.942
P313,39.5543,-123.56450000000001,651.766
P314,39.6857,-123.58179999999999,1251.959
P315,39.8636,-123.71690000000001,257.926
P316,41.5591,-124.08609999999999,234.972
P317,39.9057,-123.55179999999996,1118.653
P318,39.4524,-123.37189999999998,594.951
P319,39.7071,-123.29509999999999,513.023
P320,39.4928,-123.1868,392.402
P321,39.8972,-123.3949,1133.659
P322,39.9621,-123.1825,1433.842
P323,39.8457,-122.96339999999998,2085.582
P324,40.2568,-123.65570000000002,509.362
P325,41.1517,-123.88260000000002,914.494
P326,40.5753,-123.69889999999998,1261.668
P327,40.4789,-123.57310000000001,710.013
P329,40.0822,-123.452,1034.624
P330,40.3241,-123.13560000000001,1653.002
P331,40.7329,-123.32409999999999,1541.972
P332,40.5467,-123.17449999999997,684.502
P333,39.6214,-122.97579999999999,2008.829
P334,39.4936,-122.73590000000002,1936.225
P335,39.7262,-122.87360000000001,2229.504
P336,39.5281,-122.4305,286.725
P337,40.2962,-122.86879999999996,1193.312
P338,40.7476,-122.923,672.228
P339,40.0341,-122.66820000000001,979.562
P340,39.4093,-123.0498,864.732
P341,40.6507,-122.6069,406.837
P343,40.8871,-123.33420000000001,1617.451
P344,39.9291,-122.02800000000002,49.78
P345,40.2712,-122.27080000000001,134.094
P346,39.7947,-120.8675,2037.333
P347,41.1833,-120.94849999999997,1268.823
P348,40.9055,-121.82799999999997,1668.079
P349,40.7311,-122.31939999999997,275.41
P462,36.0713,-116.62869999999998,1334.413
P463,36.0225,-117.16470000000004,1326.994
P464,36.159,-117.40999999999997,911.546
P465,36.4668,-118.13239999999996,2901.552
P466,36.5312,-117.78949999999998,2754.58
P467,36.5702,-118.0906,1380.125
P468,36.9757,-118.11840000000001,2853.303
P469,37.2314,-117.93579999999997,1794.822
P470,34.4624,-117.39390000000003,991.396
P471,33.5621,-117.54089999999997,174.757
P472,32.8892,-117.10469999999998,137.869
P473,32.7338,-116.9495,188.589
P474,33.3552,-117.24869999999999,182.927
P475,32.6664,-117.2439,-25.037
P476,33.4396,-117.18970000000002,309.813
P477,33.5028,-117.11340000000001,334.519
P478,33.2357,-117.07159999999999,371.6
P479,33.4933,-116.78290000000004,1093.843
P480,32.976,-116.3485,436.04
P481,32.8222,-116.01080000000002,610.875
P482,33.2402,-116.6714,878.73
P483,33.0592,-116.5693,1375.571
P484,33.3756,-116.62080000000003,1382.475
P485,33.2102,-116.40899999999999,372.162
P486,33.2602,-116.32230000000004,126.304
P487,33.2135,-116.18309999999997,90.225
P488,33.201,-116.0788,61.699
P489,33.2962,-116.11160000000001,290.3
P490,33.5235,-116.42590000000001,2622.435
P491,33.5747,-116.22680000000003,4.237
P492,32.887,-115.96940000000001,68.804
P493,32.9547,-115.82490000000001,197.471
P494,32.7597,-115.7321,-44.293
P495,33.045,-115.6284,-84.001
P496,32.7506,-115.596,-40.148
P497,32.8347,-115.577,-51.058
P498,32.8984,-115.56960000000004,-58.05
P499,32.9796,-115.48789999999997,-74.199
P500,32.69,-115.29989999999998,-20.595
P501,32.8758,-115.39789999999999,-55.667
P502,32.9825,-115.4219,-66.059
P503,32.9489,-115.72019999999998,6.09
P504,33.5164,-115.76580000000001,84.009
P505,33.4239,-115.68700000000001,-57.782
P506,33.0814,-115.5102,-83.401
P507,33.2,-115.61239999999998,-78.375
P508,33.2478,-115.42869999999999,10.669
P509,32.8907,-115.29390000000001,-29.613
P510,33.1436,-115.3433,1.505
P511,33.8869,-115.29610000000002,273.359
P512,37.5626,-119.69439999999997,1344.627
P513,34.9073,-120.65020000000004,284.578
P514,35.0107,-120.40969999999999,140.916
P515,34.8706,-120.2398,290.618
P516,35.1062,-120.3834,262.969
P517,34.3764,-118.17759999999998,1959.297
P518,35.02,-120.07529999999997,1101.777
P519,34.5078,-119.79239999999999,810.902
P520,34.6305,-119.6164,1250.858
P521,34.8886,-119.81540000000001,1709.062
P522,35.0866,-119.53610000000003,991.075
P523,35.3044,-120.8603,41.363
P524,35.1661,-120.59090000000003,124.313
P525,35.4258,-120.80809999999997,271.365
P526,35.636,-120.86969999999997,416.846
P527,35.7541,-120.60480000000001,347.954
P528,35.3278,-120.54539999999997,367.361
P529,35.4405,-120.35379999999998,437.306
P530,35.6248,-120.48040000000003,388.367
P531,35.7927,-120.53660000000002,440.115
P532,35.6338,-120.267,533.242
P533,35.7479,-120.37099999999998,603.185
P534,37.0612,-122.23759999999999,204.257
P535,35.2351,-120.10140000000001,571.534
P536,35.2798,-120.02499999999998,665.354
P537,35.3168,-119.93529999999998,581.801
P538,35.5342,-120.11250000000001,641.159
P539,35.7027,-120.18200000000002,601.091
P540,35.8013,-120.13059999999996,393.658
P541,35.6867,-120.0007,209.193
P542,35.6889,-120.2926,587.956
P543,35.319,-119.71320000000003,544.017
P544,35.7313,-119.738,33.647
P545,35.4998,-119.5358,50.751
P546,35.9279,-120.1549,635.265
P547,35.9347,-119.9094,45.882
P548,34.4668,-119.50389999999999,1134.829
P549,34.5996,-119.3263,1250.275
P550,34.6601,-119.1146,1526.106
P551,34.8562,-119.15459999999996,1550.287
P552,35.6867,-120.245,581.644
P553,34.8351,-118.87900000000002,1335.845
P554,34.7923,-118.84800000000001,1170.136
P555,34.695,-118.6694,1095.971
P556,34.7711,-118.5455,852.627
P557,34.9444,-118.65559999999999,1818.211
P558,35.1386,-118.61170000000004,1411.448
P559,34.8389,-118.61760000000004,927.696
P560,34.8218,-118.54089999999997,838.326
P561,34.6185,-118.39909999999998,974.383
P562,34.9821,-118.18870000000004,1241.072
P563,35.4187,-119.4212,56.658
P564,35.6229,-119.3494,61.095
P565,35.7439,-119.23670000000004,63.107
P566,36.3245,-119.22929999999997,78.227
P567,35.4209,-118.7536,706.334
P568,35.2543,-118.12649999999996,1301.221
P569,35.378,-118.12379999999996,1275.716
P570,35.6673,-118.25999999999999,810.857
P571,36.2314,-118.76670000000001,914.192
P572,36.5855,-118.95460000000003,1167.29
P573,36.0931,-118.26049999999998,2441.366
P574,34.2868,-117.63390000000004,2873.775
P575,34.2155,-117.54219999999998,1928.387
P576,35.6697,-120.97000000000003,324.442
P577,34.3046,-117.31889999999999,999.548
P578,35.6943,-120.23900000000003,536.247
P579,35.0388,-118.00580000000002,834.231
P580,35.6209,-117.19220000000001,1669.634
P581,34.5097,-117.72900000000004,972.783
P582,34.6343,-117.5489,848.02
P583,34.987,-117.54340000000002,730.753
P584,33.8926,-116.95159999999998,738.738
P585,34.0193,-116.54570000000001,958.143
P586,34.5348,-117.28049999999996,809.383
P587,34.3322,-118.03129999999999,1600.745
P588,34.7854,-117.26760000000002,709.795
P589,34.6207,-117.11019999999996,1148.103
P590,35.1168,-117.3648,678.53
P591,35.1524,-118.01650000000001,708.839
P592,35.2386,-117.3032,1049.318
P593,35.3879,-117.20510000000002,1375.772
P594,35.8967,-117.39009999999996,937.452
P595,35.6976,-117.40280000000001,644.437
P596,35.9982,-116.8895,430.508
P597,35.7106,-116.88839999999999,1194.18
P598,34.1925,-116.71029999999996,2746.458
P599,34.2172,-116.53750000000002,1323.846
P600,33.8658,-116.21190000000001,792.076
P601,33.9593,-116.08019999999999,1242.641
P602,35.7292,-120.22789999999998,648.188
P603,34.7169,-116.02949999999998,624.707
P604,34.9368,-116.67150000000004,588.404
P605,34.3411,-117.93669999999997,2419.707
P606,34.4621,-116.87959999999998,863.355
P607,33.741,-115.82069999999999,958.728
P608,33.9941,-115.6866,632.305
P609,34.0627,-116.89279999999997,2721.222
P610,34.4257,-115.76369999999997,343.855
P611,35.2048,-115.64980000000003,1333.036
P612,34.1874,-117.31549999999999,531.706
P613,34.1962,-117.05000000000001,2355.136
P614,34.7318,-115.25030000000004,490.993
P615,35.2046,-116.7629,995.157
P616,35.4246,-117.89330000000001,1071.19
P617,35.3206,-116.57159999999999,887.7
P618,35.1419,-116.10390000000001,263.387
P619,35.5259,-116.12180000000001,388.921
P620,35.7854,-116.1449,668.72
P621,35.4728,-115.54390000000001,1420.509
P622,35.163,-115.36590000000001,1524.481
P623,34.1889,-114.5994,267.776
P625,34.8444,-114.9651,606.779
P626,35.2911,-115.23829999999998,1442.779
P627,37.9731,-118.37850000000003,2342.155
P628,37.9342,-119.24940000000004,2924.399
P629,37.3759,-119.17939999999999,2725.662
P630,37.613,-119.00040000000001,2740.587
P631,37.6053,-118.91589999999997,2659.768
P632,37.7857,-119.08609999999999,2389.79
P633,37.9135,-119.03300000000002,2293.012
P634,37.6966,-119.0258,2467.419
P635,37.8393,-119.13800000000003,2484.19
P636,37.9628,-119.14670000000001,2739.04
P637,37.9141,-119.08370000000002,2031.641
P638,37.7343,-118.94349999999997,2491.869
P639,37.6546,-118.86869999999999,2339.242
P640,37.8917,-118.96039999999999,2200.907
P641,37.8782,-118.8519,2527.168
P642,37.5914,-118.81669999999997,2667.368
P643,37.5616,-118.69820000000004,2121.977
P644,37.4954,-118.68439999999998,3458.616
P645,37.5413,-118.5935,2007.7
P646,37.677,-118.82,2101.952
P647,37.7544,-118.76769999999999,2235.509
P648,37.8,-119.01920000000001,2572.373
P649,37.9035,-118.7362,2153.946
P650,37.8913,-118.55489999999998,2298.182
P651,37.5631,-118.387,1316.716
P652,37.5892,-118.23849999999999,3865.289
P653,37.7375,-118.4717,1826.296
P654,38.0579,-119.15020000000004,2053.453
P655,41.2945,-122.2063,1542.517
P656,41.3448,-122.19579999999996,2398.614
P657,41.3812,-122.29380000000003,1684.433
P658,41.4792,-122.1909,1915.19
P659,41.4537,-122.09270000000004,1791.088
P660,41.4096,-122.0677,1587.183
P661,41.4636,-122.3127,1324.183
P663,41.5319,-122.15289999999999,2238.004
P664,40.4732,-121.4959,2569.128
P665,40.4561,-121.5258,2326.799
P666,40.4653,-121.5145,2471.543
P667,40.4658,-121.4674,2334.06
P668,40.509,-121.4631,1982.498
P669,40.4921,-121.60379999999998,1842.933
P670,40.5399,-121.5772,1731.748
P671,40.4091,-121.4282,1958.792
P672,41.7116,-121.50689999999997,1435.114
P673,41.5858,-121.613,2017.904
P674,41.6163,-121.49000000000001,1897.238
P723,37.3804,-118.72479999999996,3197.78
P724,37.4395,-118.56110000000001,1371.614
P725,37.0889,-119.74559999999997,330.937
P726,37.2805,-118.14670000000001,2202.11
P727,37.2736,-118.46680000000003,2677.199
P729,34.2631,-119.09609999999998,36.146
P730,41.3592,-120.82820000000004,1822.484
P731,41.3325,-120.4728,1391.294
P740,33.5982,-116.596,1372.065
P741,33.5575,-116.531,1371.268
P742,33.4955,-116.6026,1142.661
P744,32.8294,-115.5084,-52.802
P781,37.699,-121.07159999999999,-9.75
P782,35.6938,-120.21619999999996,537.994
P784,41.8308,-122.4205,802.239
P786,41.8455,-123.98079999999999,83.951
P787,36.7995,-121.58080000000001,113.626
P788,36.7443,-121.47879999999998,626.627
P789,35.9466,-120.4717,503.36
P790,35.9291,-120.5154,553.676
P793,40.4788,-123.57310000000001,709.862
P794,39.8457,-122.96379999999999,2088.628
P795,34.5081,-116.1481,1095.309
P796,32.4979,-114.7593,10.17
P797,33.5373,-116.59249999999997,1403.774
P799,33.9276,-118.30629999999996,24.836
P800,34.0217,-118.34910000000002,-2.29
P808,34.836,-118.62149999999997,914.345
P809,35.7439,-119.23680000000002,62.883
P810,35.744,-119.23670000000004,62.484
P811,35.1524,-118.01660000000004,708.713
P812,35.1525,-118.01650000000001,708.356
PACT,38.642,-117.803,1805.255
PAHR,36.1394,-115.74459999999999,1311.489
PALG,33.389,-117.03179999999998,528.808
PALO,40.0728,-117.1103,1647.617
PANA,36.2397,-117.41859999999997,780.866
PAR1,34.5787,-120.64350000000002,1.58
PARP,41.3242,-117.69799999999998,1530.544
PB1Y,32.6479,-115.69240000000002,1.15
PB2Y,32.6139,-115.88959999999997,267.914
PBHR,35.709,-121.2724,152.231
PBL1,37.8531,-122.41890000000001,-7.921
PBL2,37.8532,-122.4194,-9.344
PBPP,34.5082,-117.92259999999999,901.945
PCST,38.2226,-119.94,2433.093
PDBL,35.665,-121.28300000000002,-27.088
PEA1,36.1869,-120.7586,789.671
PEA2,36.1805,-120.76679999999999,682.45
PEAR,35.8552,-117.9026,897.416
PENN,40.0343,-120.38040000000001,1903.933
PENT,39.4193,-120.3229,2525.028
PERA,39.4885,-120.33159999999998,2026.084
PERL,36.9018,-116.68639999999999,1351.417
PETE,39.7504,-119.99969999999996,1722.881
PHIL,38.9325,-118.08850000000001,1451.261
PHIN,36.9804,-117.03390000000002,1540.825
PHJX,32.4901,-115.5505,105.428
PHLB,34.9254,-117.6945,886.159
PHON,39.083,-117.77250000000004,2019.965
PILG,40.8718,-119.99680000000001,1887.622
PILO,38.2697,-117.98509999999999,1706.42
PIN1,33.6122,-116.45820000000003,1256.131
PIN2,33.6121,-116.45760000000001,1258.399
PIN3,34.4522,-118.57490000000001,365.972
PINE,38.6454,-119.0521,1763.899
PIUT,35.3853,-114.88210000000004,868.028
PJZX,32.417,-115.88369999999998,1335.714
PKDB,35.9452,-120.54160000000002,589.877
PKRD,34.0716,-118.23289999999997,130.847
PLE1,37.6732,-121.86490000000003,80.524
PLEA,39.3359,-119.7541,1699.568
PLO1,32.6654,-117.24310000000003,-22.538
PLO5,32.6654,-117.243,-22.497
PLO6,32.6656,-117.2432,-22.423
PLSB,38.685,-121.76260000000002,-7.656
PMHS,33.9026,-118.15369999999996,-11.159
PMOB,33.3572,-116.85950000000003,1662.532
PMTN,37.8314,-119.05690000000004,2401.626
PNUT,38.9185,-119.48649999999998,2202.094
POAK,37.7957,-122.27909999999997,5.534
POBG,33.6871,-116.9237,982.232
POIN,36.5796,-116.1198,916.62
POKE,40.3792,-118.47149999999999,1574.056
POLB,33.7542,-118.20140000000004,10.005
POMM,35.9199,-120.47839999999997,597.116
PONY,39.279,-119.019,1310.251
POOS,39.4548,-119.2595,1637.847
PORC,41.5995,-120.7432,1525.869
POSD,32.6676,-117.1166,-21.336
POTB,38.2026,-121.93539999999996,29.528
POTR,32.6184,-116.59090000000003,730.269
PPBF,33.8357,-117.18209999999999,428.11
PPT5,37.1871,-122.38999999999999,8.047
PPT6,37.1868,-122.38980000000004,5.969
PSAP,33.8192,-116.49400000000003,86.735
PSDM,34.0918,-117.80709999999999,278.367
PSSB,34.426,-119.70439999999996,7.457
PTAX,32.3775,-115.4563,1060.352
PTEX,32.2885,-116.52120000000002,340.591
PTRB,37.9962,-123.01869999999997,145.779
PTRO,38.2095,-121.94420000000002,28.033
PTSG,41.7827,-124.2552,-10.224
PUMP,38.9065,-118.9357,1833.711
PVE3,33.7433,-118.40430000000003,71.065
PVEP,33.7433,-118.4042,69.382
PVHS,33.7795,-118.37220000000002,259.591
PVRS,33.7739,-118.32060000000001,59.832
QCY2,36.1611,-121.13729999999998,101.427
QCYN,36.1612,-121.13749999999999,98.625
QHTP,34.6287,-118.2448,863.06
QUEX,32.5492,-115.15319999999997,-16.238
QUIN,39.9746,-120.94439999999997,1105.769
RAAP,33.0422,-116.91719999999998,395.022
RAGG,34.6831,-116.1515,729.922
RAIL,38.2804,-115.66480000000001,1575.248
RAIN,39.3782,-118.55129999999997,1213.106
RAMT,35.3387,-117.68330000000003,1406.618
RAPT,36.6649,-119.44870000000003,89.014
RATT,39.4896,-118.75260000000003,1251.24
RAVE,40.743,-120.37940000000003,1668.458
RAWE,39.1884,-119.5358,1724.217
RBFT,33.5289,-117.15949999999998,309.29
RBRU,36.7591,-119.82870000000003,55.974
RCA2,34.5,-119.72000000000003,1179.204
RCH3,38.0047,-122.30759999999998,5.268
RCSC,33.4441,-117.5865,160.957
RDFD,39.3899,-119.76459999999997,1452.658
RDMO,39.3971,-118.99610000000001,1459.195
RDMT,34.6439,-116.62469999999996,1782.985
RDNG,40.6253,-122.37389999999999,195.002
RDOM,37.6771,-118.89789999999999,2417.375
REDR,39.8945,-119.9914,1491.568
REES,39.159,-117.3252,1968.541
RELA,36.7154,-116.55430000000001,839.226
RENO,39.5103,-119.91669999999999,1488.476
REP2,36.8404,-116.4683,1479.077
REP3,36.8413,-116.46809999999999,1478.127
REP4,36.8491,-116.46609999999998,1455.328
REPO,36.8404,-116.4683,1479.438
REYN,39.9821,-120.4631,1668.402
RHCG,34.0009,-118.01339999999999,338.709
RHCL,34.0191,-118.02620000000002,176.87
RHIL,38.4246,-117.5745,1799.061
RICO,39.8841,-117.10570000000001,1601.681
RIDG,36.4931,-115.6234,1280.918
RISU,38.6256,-119.43259999999998,1706.429
RJAB,37.0185,-121.56079999999997,34.811
RKMG,33.6741,-117.6094,377.605
RMVJ,33.4858,-117.55529999999999,136.394
RNCH,35.9,-120.52480000000003,838.821
RNO1,39.5379,-119.88580000000002,1530.668
ROCH,33.611,-116.6098,1393.954
ROCK,34.2357,-118.6764,553.387
ROCP,37.8164,-122.06290000000001,582.009
ROGE,36.2179,-117.08550000000002,3016.439
ROJO,38.5767,-117.54629999999997,1779.726
ROPB,36.9312,-121.779,8.218
ROSE,40.8041,-118.71249999999998,1500.106
ROUG,38.4034,-118.98699999999997,1828.552
ROXY,36.8396,-114.66399999999999,574.55
ROYS,38.2626,-117.60659999999996,1613.759
RP02,33.5277,-117.59870000000001,60.702
RPAS,39.3586,-117.4128,1901.002
RSTP,34.8751,-118.19290000000001,712.746
RSVY,34.5415,-119.18439999999998,987.401
RTHS,34.0891,-117.35329999999999,328.687
RUBY,40.6172,-115.12279999999998,1881.744
RUMP,36.2569,-115.86850000000004,1406.152
RUNG,32.9723,-114.97800000000001,119.669
RUSS,39.223,-118.76009999999997,1376.427
RVSD,33.9209,-117.41660000000002,239.185
RYAN,36.3163,-116.65010000000001,1286.153
RYEP,40.5544,-118.4237,1399.427
S300,37.6665,-121.55830000000003,495.785
SA59,32.6888,-114.49559999999997,42.552
SA63,32.6889,-114.4957,45.595
SAC1,38.5742,-121.55860000000001,-19.595
SAC3,38.6401,-121.4579,-15.619
SACL,37.3799,-121.98310000000004,-16.041
SACR,38.655,-121.35419999999999,7.025
SACY,33.7432,-117.8956,-11.251
SAID,40.9124,-120.71159999999998,1690.567
SAL3,36.7883,-121.613,76.8
SANA,38.2445,-117.08159999999998,1775.992
SAND,39.2751,-118.37829999999997,1349.326
SANM,37.5642,-122.2835,-20.843
SAOB,36.7653,-121.44720000000001,359.811
SARD,39.5127,-120.14570000000003,1871.608
SAWC,37.6899,-118.95320000000004,2440.263
SBCC,33.553,-117.66149999999999,88.685
SBR5,34.5106,-120.22730000000001,75.987
SBRB,37.6864,-122.4108,-13.203
SBRN,37.6862,-122.41039999999998,-2.161
SBUT,39.5798,-120.65960000000001,1763.169
SCCP,37.6518,-122.00210000000004,419.302
SCHO,41.1297,-118.35540000000003,1302.993
SCIA,34.6074,-117.38829999999996,831.469
SCIP,32.9144,-118.48789999999997,452.856
SCMS,33.4441,-117.63459999999998,23.272
SCR1,36.9754,-122.02819999999997,-21.909
SCTS,38.7669,-119.9683,2458.218
SDHL,34.255,-116.27890000000002,835.054
SEI2,37.9818,-121.35429999999997,-20.319
SEIB,37.9895,-121.2894,-17.182
SEVN,40.3068,-118.84809999999999,1224.494
SFCC,37.7721,-122.4099,-9.342
SFDM,34.4598,-118.75450000000001,291.52
SFNT,37.7142,-121.70529999999997,147.14
SGDM,34.2056,-117.86170000000004,420.745
SGHS,34.0886,-118.10900000000004,79.875
SGLG,32.6493,-115.72640000000001,78.34
SGPS,33.9125,-116.69569999999999,476.741
SHEP,40.6761,-117.62869999999998,1590.576
SHIN,40.5917,-120.22500000000002,1377.327
SHLD,41.8684,-119.01570000000004,1457.549
SHN5,35.6742,-120.34710000000001,301.747
SHOS,35.9713,-116.29899999999998,582.393
SHP5,35.2686,-120.67129999999997,16.693
SHRC,37.6249,-118.94560000000001,2352.107
SHSH,39.8822,-117.72900000000004,1210.878
SIBE,34.6243,-116.0156,362.525
SILK,34.1029,-118.26390000000004,106.222
SILV,38.624,-120.1945,2272.766
SIMI,34.2491,-118.7654,257.34
SIMM,35.3511,-119.99779999999998,583.626
SIO3,32.8647,-117.25040000000001,34.84
SIO5,32.8407,-117.24969999999996,185.532
SIXM,36.2446,-116.09140000000002,766.105
SJB5,36.8614,-121.5797,93.22
SKED,40.2784,-120.03449999999998,1302.483
SKND,41.0316,-118.70820000000003,1260.735
SKUL,36.7305,-116.2106,1237.302
SKYB,34.4386,-118.47860000000003,520.241
SLAC,37.4165,-122.20429999999999,63.714
SLAT,39.0847,-118.19029999999998,1773.349
SLDA,37.7088,-121.0729,-4.064
SLHG,33.1926,-116.2541,177.631
SLI4,39.3143,-119.8843,2902.527
SLID,39.3143,-119.8843,2902.518
SLMS,33.2922,-115.9778,-45.927
SLN5,36.667,-121.63319999999999,-14.668
SLRC,32.517,-114.7473,21.861
SLT1,39.2872,-118.57169999999996,1255.608
SLT2,39.2931,-118.58749999999998,1299.848
SLUM,41.1602,-117.9314,1369.978
SMOK,40.6213,-119.64779999999996,1220.502
SMTN,32.9582,-115.8392,230.384
SMYC,36.3196,-115.58749999999998,2562.722
SNHS,33.9273,-117.92859999999996,66.434
SNI1,33.2479,-119.52440000000001,239.664
SNOE,36.2596,-115.03309999999999,569.607
SNOG,34.0352,-116.80779999999999,2314.717
SNRA,38.3189,-119.6035,2737.243
SNTA,34.9116,-120.43420000000003,46.981
SNTE,32.8306,-116.97090000000003,87.125
SNTF,33.9407,-118.0804,12.001
SOD2,37.1664,-121.9255,986.817
SODB,37.1664,-121.9255,985.59
SOMT,34.3199,-119.0643,464.258
SONC,40.8531,-117.72820000000002,1467.538
SONG,33.3807,-117.56029999999998,-2.926
SONO,37.9843,-120.38149999999996,524.35
SPA1,39.637,-119.70889999999997,1353.639
SPK1,34.0593,-118.64620000000002,440.138
SPK2,39.5408,-119.71010000000001,1323.528
SPKS,39.5415,-119.71199999999999,1324.954
SPMS,33.9927,-117.84879999999998,207.049
SPRK,39.5121,-119.71000000000004,1362.216
SPW2,32.8669,-117.25710000000004,-21.45
SQUA,40.844,-119.55989999999997,1391.023
SRB1,37.8744,-122.267,54.677
SRCK,38.9245,-120.33670000000001,1896.674
SRES,35.8184,-120.9572,299.283
SRO1,38.4485,-122.73180000000002,15.437
SRS1,34.0043,-120.0652,68.218
SSB2,39.6207,-119.7226,1357.253
SSNV,40.3791,-120.4656,1231.497
STAG,39.3335,-119.46550000000002,1352.01
STCK,37.9955,-121.2507,-17.27
STDI,39.5086,-119.91930000000002,1529.19
STEA,39.6255,-119.88369999999998,1534.257
STFU,37.4269,-122.17330000000004,20.402
STHE,38.5045,-122.46820000000002,48.257
STHI,39.3639,-119.78819999999996,1807.991
STIR,36.5101,-115.90999999999997,1413.072
STON,40.2308,-119.20690000000002,1513.99
STRI,36.6446,-116.33780000000002,1029.845
STRK,36.4151,-115.4511,1044.461
SUAA,37.4269,-122.17330000000004,20.464
SULF,37.2212,-117.68420000000003,1655.222
SUNR,39.0507,-119.59119999999996,1908.699
SUPR,41.6618,-120.06899999999996,1590.312
SUSA,40.4493,-120.5634,1678.267
SUTB,39.2058,-121.82060000000001,616.557
SVAL,35.8055,-115.51840000000004,1090.021
SVIN,38.0332,-122.52629999999999,-27.561
SWEE,38.5187,-119.20069999999998,2108.184
SWEP,37.6117,-122.45769999999999,349.301
SYLV,37.4525,-117.74450000000002,1887.415
SYNG,34.6072,-120.06960000000004,167.872
T3RP,37.9279,-122.5883,732.373
TABL,34.3818,-117.67830000000004,2228.025
TABV,34.3818,-117.67830000000004,2228.008
TAFT,35.1565,-119.48519999999996,287.155
TALC,36.3513,-117.71159999999998,1482.52
TATE,36.9316,-116.5743,1293.266
TBLP,35.9174,-120.3603,937.499
TCGC,33.8852,-117.55529999999999,157.483
TEHA,35.1431,-118.46979999999996,1174.68
TERM,40.8627,-120.4984,1613.288
THAC,35.0327,-118.3528,1229.05
THAL,37.3515,-121.93549999999999,-2.494
THCP,35.1582,-118.41460000000001,1652.406
THCR,39.4018,-119.8383,1785.402
THMG,33.6506,-116.0772,33.673
THMS,33.5496,-117.76679999999999,189.215
THOM,37.9429,-117.375,1659.401
THUM,35.1831,-114.45389999999998,655.309
TIBB,37.8909,-122.44759999999997,-21.1
TILC,37.6189,-118.86289999999997,2165.296
TIRE,40.6467,-118.63009999999997,1462.282
TIVA,36.9348,-116.22969999999998,2034.157
TJRN,34.4835,-120.13260000000002,157.169
TLCC,36.3533,-117.70490000000001,1482.91
TLON,40.0786,-118.71170000000001,1452.944
TMAP,33.6412,-116.16050000000001,-66.9
TMSB,38.5708,-121.54920000000004,-15.296
TNUG,38.8088,-118.36379999999997,1427.928
TOIY,39.5422,-117.04939999999999,2299.053
TOLA,39.7946,-120.44870000000003,1559.464
TONI,38.3582,-117.2926,1823.082
TONO,38.0972,-117.18399999999997,2066.014
TOPA,38.7098,-119.54239999999999,1797.724
TOQU,38.9281,-116.9887,1926.117
TORP,33.7978,-118.3306,-5.213
TOST,34.248,-118.83670000000001,274.391
TOWG,35.8086,-117.76490000000001,657.078
TOYA,38.9107,-117.23559999999998,1814.208
TPLM,33.8218,-116.39920000000001,50.341
TPOG,34.8789,-118.22860000000003,772.224
TRA1,37.7667,-121.43259999999998,-21.849
TRAC,39.5322,-119.4801,1413.072
TRAK,33.6179,-117.80340000000001,115.565
TRAM,36.2758,-114.20640000000003,1115.785
TRAN,36.6508,-120.24900000000002,21.257
TRCP,37.9974,-122.61590000000001,217.617
TRIN,40.2899,-118.63620000000003,1657.719
TRLK,37.4666,-120.8286,2.624
TRND,41.0539,-124.15089999999998,78.182
TROY,34.8386,-116.53049999999996,613.605
TRUC,39.2958,-120.22770000000003,2141.327
TULE,41.0178,-120.02300000000002,1518.386
TUNG,40.4032,-118.2575,1414.754
TURN,39.8588,-120.41669999999999,1732.077
TURT,40.1032,-120.08269999999999,1408.484
TWMS,33.9725,-117.72550000000001,208.087
UCD1,38.5362,-121.75120000000004,-0.343
UCLP,34.0691,-118.44190000000003,111.555
UCS1,34.4157,-119.84530000000001,3.939
UCSB,34.4133,-119.84379999999999,-9.519
UCSC,36.9983,-122.05959999999999,230.06
UCSF,37.763,-122.45820000000003,154.636
UFOS,37.3988,-117.10900000000004,1409.316
UNR1,36.2473,-115.24270000000001,686.554
UNR2,36.7734,-114.05439999999999,551.018
UPSA,39.6271,-118.8023,1233.279
USC1,34.024,-118.2851,21.911
USC2,34.0195,-118.2774,48.779
USGC,33.0301,-116.08529999999996,133.425
USLO,35.3118,-120.66110000000003,134.629
UTGN,38.9379,-114.03409999999997,1591.95
VAN5,34.8266,-120.56349999999998,99.139
VAN6,34.8265,-120.56330000000003,99.599
VCST,34.8515,-119.4839,809.596
VCVL,38.3945,-121.94690000000003,0.384
VDCY,34.1786,-118.22000000000003,318.188
VEN4,34.2497,-119.19960000000003,-1.086
VFSP,36.5008,-114.529,550.061
VIGU,39.5579,-117.17920000000004,1953.248
VIMT,34.1264,-118.51440000000002,553.701
VINE,36.9953,-117.36340000000001,657.01
VINZ,34.9624,-118.93899999999996,382.041
VIRC,39.3459,-119.63689999999997,2013.983
VIRP,39.7307,-119.49260000000004,2078.907
VLMY,40.7113,-117.28880000000004,1523.774
VNCA,34.4423,-118.63490000000002,340.182
VNCO,34.2758,-119.23770000000002,25.701
VNCX,34.2932,-118.48450000000003,328.591
VNDP,34.5563,-120.6164,-11.499
VNPS,34.5015,-118.12119999999999,961.904
VONS,36.5941,-116.62289999999996,717.121
VRDE,39.5244,-119.96199999999999,1469.718
VSPG,38.126,-120.8605,134.589
VTIS,33.7126,-118.29380000000003,59.49
VTOR,33.225,-117.19319999999999,379.919
VYAS,34.0309,-117.99199999999996,56.457
WABU,39.1578,-119.2593,1381.436
WAGO,41.2916,-119.51400000000001,1867.094
WALK,38.7587,-118.76400000000001,1282.853
WALL,41.2485,-119.71879999999999,1770.123
WARD,39.1484,-120.24310000000003,2569.966
WASG,35.7384,-118.55700000000002,1834.94
WASS,38.7297,-118.89440000000002,1783.939
WASU,39.0364,-118.9701,1510.748
WATC,37.6643,-118.65390000000002,2363.786
WCHS,34.0619,-117.91110000000003,100.003
WDCB,40.5801,-122.54070000000002,259.648
WDLD,38.6824,-121.74760000000003,-10.367
WEEP,37.85,-117.56889999999999,1409.979
WGPP,35.0108,-118.9837,352.031
WHC1,33.9799,-118.03120000000001,94.2
WHFG,35.6951,-118.35199999999998,861.907
WHI1,33.9738,-118.03449999999998,65.628
WHYT,33.6745,-117.64350000000002,265.417
WIDC,33.9348,-116.39179999999999,445.056
WILC,40.5581,-117.8777,2137.971
WILD,40.0246,-118.4676,1227.856
WIN2,37.6527,-122.1406,-27.655
WINT,37.6526,-122.1406,-28.802
WINV,39.9625,-119.82400000000001,1689.35
WKPK,34.5685,-118.74149999999997,1208.92
WLHG,36.1521,-118.31309999999996,2646.299
WLHL,35.9726,-121.0041,670.204
WLLS,41.1669,-114.97540000000004,1815.303
WLSN,34.2261,-118.05590000000001,1705.261
WLTN,32.744,-114.05740000000003,45.762
WMAP,34.2594,-118.41430000000003,268.107
WMCA,33.0719,-115.61250000000001,-86.705
WMDG,33.0383,-115.58190000000002,-78.424
WNRA,34.0432,-118.05930000000001,40.122
WOAO,37.815,-122.28380000000004,-15.923
WOLF,37.6083,-117.8829,1915.809
WOMT,34.669,-116.93169999999998,1353.012
WOND,39.3808,-118.08069999999998,1587.356
WORG,35.6956,-118.24239999999998,798.416
WRHS,33.9582,-118.42759999999998,7.871
WRNR,41.5571,-120.40469999999999,1487.288
WVRT,39.9438,-119.82600000000002,1663.388
WWFG,33.2788,-115.5788,-93.56
WWMT,33.9553,-116.65390000000002,796.615
WWRF,39.5202,-119.7029,1325.581
YBHB,41.7317,-122.71069999999997,1065.683
YER1,38.992,-119.16229999999996,1317.204
YOMB,38.9504,-117.517,2126.063
YUCI,34.0057,-116.96979999999996,1089.04
YUHG,32.6476,-115.92219999999998,152.581
YUMX,32.0277,-115.19920000000002,-28.457
ZLA1,34.6035,-118.08389999999997,763.401
ZOA1,37.5431,-122.01589999999999,-3.572
ZOA2,37.543,-122.01589999999999,-3.528
ZOLE,39.4217,-119.7534,1357.313
ZUMA,37.5582,-117.49019999999996,1924.552
