ID,Date,ZTD,wet_delay,hydrostatic_delay,times,sigZTD,Lat,Lon,Hgt_m
7ODM,2020-01-03,2.1606,0.0502,2.1104000000000003,0,0.0024,34.1164,-117.09320000000002,762.072
ACSB,2020-01-03,2.394,0.0784,2.3156,0,0.0024,33.2743,-117.44489999999996,-12.296
ACSX,2020-01-03,2.3933000000000004,0.0777,2.3156000000000003,0,0.0023,33.2743,-117.44489999999996,-12.291
AGMT,2020-01-03,2.0144,0.0447,1.9697,0,0.0023,34.5943,-116.4294,1337.823
ALAM,2020-01-03,2.0861,0.0574,2.0287,0,0.0023,37.358,-115.1585,1090.005
ALTH,2020-01-03,2.3813000000000004,0.0617,2.3196000000000003,0,0.0024,36.8896,-120.6698,18.788
ANA1,2020-01-03,2.3723,0.0649,2.3074000000000003,0,0.0026,34.015,-119.3635,22.447
AR27,2020-01-03,2.3881,0.0849,2.3032,0,0.0024,33.3418,-117.3249,32.301
AR53,2020-01-03,2.3592,0.0769,2.2823,0,0.0024,33.3811,-117.4765,111.04
ARM2,2020-01-03,2.3941,0.0952,2.2989,0,0.0026,35.2013,-118.9106,76.813
ASBU,2020-01-03,1.9774,0.0464,1.931,0,0.002,43.8206,-121.36850000000004,1508.865
ASHL,2020-01-03,2.2197,0.0615,2.1582,0,0.002,42.1807,-122.67020000000002,608.727
AVRY,2020-01-03,2.1352,0.0557999999999999,2.0794,0,0.0028,34.4683,-117.154,888.917
AZBH,2020-01-03,2.3159,0.0468,2.2691,0,0.0028,35.1075,-114.60500000000002,151.685
AZDS,2020-01-03,2.1222,0.0389,2.0833,0,0.0023,35.5331,-114.3592,870.667
AZFM,2020-01-03,2.3241,0.0471,2.277,0,0.0025,34.8522,-114.5951,119.882
AZGV,2020-01-03,2.1221,0.0382,2.0839000000000003,0,0.0026,35.2544,-114.2543,867.565
AZKG,2020-01-03,2.088,0.0383,2.0497,0,0.0023,35.1903,-114.0525,1005.347
AZLH,2020-01-03,2.3072,0.0453,2.2619,0,0.0024,34.5083,-114.3471,172.515
AZPK,2020-01-03,2.3252,0.0458999999999999,2.2793,0,0.0027,34.1452,-114.29179999999997,100.891
AZQZ,2020-01-03,2.2912,0.0504,2.2408,0,0.0024,33.6656,-114.2273,240.242
AZRY,2020-01-03,2.0344,0.0485,1.9859,0,0.0024,33.5401,-116.6297,1265.7
AZU1,2020-01-03,2.3461,0.0723,2.2738,0,0.0031,34.126,-117.8965,144.771
AZWE,2020-01-03,2.2101,0.0477999999999999,2.1623,0,0.0024,33.8218,-113.54200000000004,541.9
AZYC,2020-01-03,2.1663,2.1663,2.1663,0,2.1663,34.8793,-114.147,541.036
AZYU,2020-01-03,2.347,0.0531,2.2939000000000003,0,0.0023,32.6583,-114.52710000000002,36.945
AZYW,2020-01-03,2.3668,0.0658,2.301,0,0.0023,32.6837,-114.6422,10.798
BALD,2020-01-03,1.6917,0.0317,1.66,0,0.0022,37.7834,-118.90139999999997,2749.44
BAMO,2020-01-03,1.9242,0.0566,1.8676,0,0.0022,40.4128,-117.20460000000004,1792.47
BAR1,2020-01-03,2.3745,0.0669,2.3076,0,0.0024,33.4805,-119.0297,14.81
BASQ,2020-01-03,2.0420000000000003,0.0717,1.9703,0,0.002,42.4116,-117.863,1348.606
BBDM,2020-01-03,2.3072,0.0513,2.2559,0,0.0025,34.5822,-119.98149999999998,204.875
BBRY,2020-01-03,1.8436,0.0392999999999999,1.8043,0,0.0024,34.2643,-116.88419999999996,2051.072
BCWR,2020-01-03,2.0135,0.0383,1.9752,0,0.0023,34.9205,-119.4058,1332.942
BCYI,2020-01-03,1.8094,0.0427,1.7667000000000002,0,0.0034,44.3156,-113.4058,2173.36
BEMT,2020-01-03,2.0075,0.0487999999999999,1.9587,0,0.0026,34.0005,-115.9982,1373.663
BEPK,2020-01-03,1.7489,0.0291,1.7198000000000002,0,0.0025,35.8784,-118.0741,2471.124
BFLD,2020-01-03,2.3856,0.0948,2.2908,0,0.0023,35.4131,-119.0453,108.375
BFSH,2020-01-03,2.1834,0.0703,2.1131,0,0.0026,35.5911,-118.498,791.683
BGIS,2020-01-03,2.3976,0.0846,2.313,0,0.0027,33.9671,-118.1597,2.833
BILL,2020-01-03,2.2504,0.0642,2.1862000000000004,0,0.0024,33.5782,-117.06460000000004,470.064
BKAP,2020-01-03,2.3056,0.0612,2.2444,0,0.0023,35.287,-116.0804,252.03
BKMS,2020-01-03,2.3867,0.0762999999999999,2.3104,0,0.0027,33.9623,-118.0947,11.025
BLSA,2020-01-03,2.4014,0.0818,2.3196,0,0.0025,33.7995,-118.02869999999996,-23.155
BLY1,2020-01-03,2.0254000000000003,0.0451,1.9803,0,0.0022,42.4068,-121.0491,1313.429
BLYT,2020-01-03,2.3455,0.0639,2.2816,0,0.0035,33.6104,-114.7149,85.93
BMHL,2020-01-03,2.1795,0.0597,2.1198,0,0.0023,34.2514,-116.053,722.632
BOMG,2020-01-03,2.3897,0.0597,2.33,0,0.0024,33.3646,-115.72969999999998,-84.205
BRAN,2020-01-03,2.3097,0.0611,2.2486,0,0.0025,34.1849,-118.277,246.245
BRD1,2020-01-03,2.0541,0.0586,1.9955,0,0.0023,39.8093,-119.00279999999998,1247.393
BRDY,2020-01-03,2.0541,0.0639,1.9902,0,0.0027,39.7813,-119.0086,1269.092
BRI2,2020-01-03,2.2863,0.0366,2.2497000000000003,0,0.0025,37.9195,-122.15250000000005,265.104
BRNT,2020-01-03,2.0865,0.0859,2.0006,0,0.0018,44.4402,-118.1913,1212.699
BSRY,2020-01-03,2.2162,0.0660999999999999,2.1501,0,0.0022,34.9186,-117.012,613.472
BTDM,2020-01-03,2.1874,0.0514,2.136,0,0.0038,34.2928,-118.1882,678.244
BUEG,2020-01-03,2.3435,0.0526,2.2909,0,0.0026,34.6128,-120.19640000000004,74.803
BURN,2020-01-03,2.0892,0.0789,2.0103,0,0.002,42.7795,-117.8435,1180.921
BVPP,2020-01-03,2.3706,0.0863,2.2843,0,0.0023,35.1573,-119.34749999999995,123.05
CA00,2020-01-03,2.2843000000000004,0.0572,2.2271000000000005,0,0.0022,34.4126,-118.5537,332.89
CA29,2020-01-03,2.2167,0.06,2.1567,0,0.0023,34.136,-116.05200000000002,576.708
CA99,2020-01-03,1.7692,0.0322,1.737,0,0.0023,37.6446,-118.8967,2391.538
CAAT,2020-01-03,2.3051,0.0640999999999999,2.241,0,0.0023,35.4715,-120.654,263.986
CAB5,2020-01-03,2.3053000000000003,0.0636,2.2417,0,0.0022,35.2757,-116.07349999999995,261.926
CABD,2020-01-03,2.2933000000000003,0.0592,2.2341,0,0.0025,34.1043,-117.28340000000004,284.005
CABK,2020-01-03,2.3925,0.0973,2.2952,0,0.0022,35.3507,-118.9688,92.481
CABS,2020-01-03,2.2068000000000003,0.0626,2.1442,0,0.0023,34.8945,-117.05,636.179
CABU,2020-01-03,2.3861,0.0822,2.3039,0,0.0023,35.5,-119.546,49.789
CAC1,2020-01-03,2.3429,0.0546,2.2883000000000004,0,0.0024,33.7992,-116.4056,78.938
CAC2,2020-01-03,2.189,0.0606,2.1284,0,0.0023,35.0998,-117.98929999999996,715.8
CACD,2020-01-03,2.3704,0.0451,2.3253000000000004,0,0.0022,38.0107,-122.0403,-9.207
CACH,2020-01-03,2.3646,0.0542,2.3104,0,0.0023,39.7141,-121.8053,43.424
CACM,2020-01-03,2.1637,0.0584,2.1053,0,0.0026,32.6246,-116.4753,769.031
CACO,2020-01-03,2.3206,0.0567999999999999,2.2638,0,0.0025,36.1764,-120.3596,193.781
CACR,2020-01-03,2.0048,0.0337,1.9711,0,0.0022,40.3096,-121.22910000000002,1364.493
CACX,2020-01-03,2.3779000000000003,0.0655999999999999,2.3123,0,0.0023,32.6718,-115.52660000000004,-27.565
CAD1,2020-01-03,2.3927,0.091,2.3017,0,0.0022,35.7594,-119.24379999999996,69.584
CADY,2020-01-03,2.3698,0.0524,2.3174,0,0.002,37.728,-122.505,-4.121
CAEC,2020-01-03,2.384,0.0674,2.3166,0,0.0024,32.7914,-115.56489999999997,-41.785
CAEG,2020-01-03,2.3712,0.042,2.3292,0,0.0021,38.3811,-121.36509999999998,-9.811
CAFA,2020-01-03,2.3743000000000003,0.0481,2.3262000000000005,0,0.002,38.2491,-122.0679,-12.122
CAFM,2020-01-03,2.1093,0.049,2.0603,0,0.002,41.0179,-121.4311,996.43
CAFP,2020-01-03,2.3788,0.0679,2.3109,0,0.0028,36.424,-120.10199999999998,38.521
CAFR,2020-01-03,2.3826,0.0805,2.3021,0,0.0023,36.8144,-119.7475,90.457
CAFT,2020-01-03,2.374,0.0493,2.3247,0,0.0023,37.47,-121.9248,-13.008
CAGD,2020-01-03,2.3151,0.0696,2.2455,0,0.0022,34.1284,-117.827,249.339
CAGW,2020-01-03,2.3627,0.065,2.2977,0,0.0025,32.7121,-114.9432,22.134
CAHA,2020-01-03,2.3854,0.0754,2.31,0,0.0024,36.3234,-119.62279999999998,46.902
CAHB,2020-01-03,2.3731,0.0525,2.3206,0,0.0022,37.5062,-122.4903,-18.779
CAHF,2020-01-03,2.3503000000000003,0.0534,2.2969,0,0.0022,36.8548,-120.779,99.099
CAHV,2020-01-03,2.3802,0.0698,2.3104,0,0.0024,32.7702,-115.2733,-21.875
CAIB,2020-01-03,2.395,0.0802,2.3148000000000004,0,0.0023,32.5748,-117.1266,-25.421
CAIS,2020-01-03,2.2028000000000003,0.0732,2.1296000000000004,0,0.0023,35.6027,-118.4873,726.736
CAKC,2020-01-03,2.3751,0.0765,2.2986,0,0.0022,36.008,-119.9674,57.103
CAL5,2020-01-03,2.3658,0.0749,2.2909,0,0.0022,34.1083,-118.2418,86.638
CAL8,2020-01-03,2.0083,0.0406,1.9677,0,0.0022,34.8061,-118.8716,1369.455
CALB,2020-01-03,2.3847,0.0594,2.3253,0,0.0021,37.0983,-120.70169999999996,3.168
CALK,2020-01-03,2.3673,0.0754,2.2919,0,0.0023,33.6355,-117.71429999999998,76.647
CAM5,2020-01-03,2.37,0.0629,2.3071,0,0.0022,35.5293,-121.04290000000005,17.011
CAMD,2020-01-03,2.3877,0.0752,2.3125,0,0.0023,36.9755,-120.0792,54.58
CAMS,2020-01-03,2.0812,0.0391,2.0421,0,0.0018,41.3142,-122.31439999999998,1068.551
CAMT,2020-01-03,2.3557,0.0542,2.3015,0,0.0022,36.5796,-121.8202,51.481
CANC,2020-01-03,2.341,0.0708,2.2702,0,0.0025,33.886,-117.5731,151.385
CAND,2020-01-03,2.2076,0.0458,2.1618,0,0.0022,35.9394,-120.4337,568.378
CANI,2020-01-03,2.3875,0.0626,2.3249,0,0.0023,33.2375,-115.5172,-69.02
CAOD,2020-01-03,2.3782,0.0561,2.3221,0,0.0021,37.7694,-120.83780000000002,20.957
CAOR,2020-01-03,2.381,0.0698,2.3112,0,0.0023,32.9327,-115.29160000000002,-23.813
CAOS,2020-01-03,2.3959,0.0831,2.3128,0,0.0023,33.1978,-117.37810000000002,-3.373
CAOV,2020-01-03,2.3676,0.0548,2.3128,0,0.002,39.4963,-121.6098,38.134
CAOX,2020-01-03,2.3838000000000004,0.065,2.3188000000000004,0,0.0022,34.1908,-119.1737,-14.478
CAP1,2020-01-03,2.3697,0.0444,2.3253,0,0.0023,37.7142,-122.2221,-20.848
CAP4,2020-01-03,2.3732,0.0453,2.3279,0,0.0023,37.4303,-121.06780000000003,-4.594
CAP6,2020-01-03,2.351,0.044,2.307,0,0.0022,37.3949,-122.15049999999997,42.489
CAPE,2020-01-03,2.3904,0.0728,2.3176,0,0.0022,33.7466,-118.2801,-13.992
CAPL,2020-01-03,2.3451,0.0439,2.3012,0,0.0024,37.6956,-121.90160000000004,78.726
CAPV,2020-01-03,2.2385,0.0549,2.1836,0,0.0022,38.6973,-120.82420000000002,529.685
CARA,2020-01-03,2.2781,0.0787,2.1994,0,0.0023,33.0427,-116.86670000000004,413.834
CARH,2020-01-03,2.238,0.0533,2.1847,0,0.0026,35.8884,-120.43079999999998,480.252
CARK,2020-01-03,2.3666,0.046,2.3206,0,0.0022,38.7904,-121.31259999999996,18.317
CAS4,2020-01-03,2.3927,0.0793,2.3134,0,0.0026,33.7595,-117.913,-1.248
CASD,2020-01-03,2.3504,0.0692,2.2812,0,0.0023,32.8143,-117.12239999999996,104.745
CASE,2020-01-03,2.1598,0.0515,2.1083000000000003,0,0.0025,33.4554,-117.404,776.484
CASJ,2020-01-03,2.2583,0.0655,2.1928,0,0.0023,33.8073,-116.97140000000002,442.788
CASM,2020-01-03,2.3763,0.0699,2.3064,0,0.0022,34.0177,-118.4717,30.189
CASN,2020-01-03,2.3719,0.0609,2.311,0,0.0023,34.4157,-119.8453,3.483
CASR,2020-01-03,2.37,0.0538,2.3162,0,0.0019,38.4407,-122.747,11.46
CASU,2020-01-03,2.3579000000000003,0.0417,2.3162000000000003,0,0.0022,36.959,-122.0546,2.424
CAT2,2020-01-03,2.2327,0.0476,2.1851,0,0.0023,33.3116,-118.3338,477.241
CAT3,2020-01-03,2.38,0.0688,2.3112,0,0.0022,33.4458,-118.483,5.122
CATE,2020-01-03,2.302,0.0685,2.2335000000000003,0,0.0022,33.5142,-117.17809999999996,290.962
CATF,2020-01-03,2.3235,0.0765,2.247,0,0.0023,35.1492,-119.45979999999996,259.875
CATK,2020-01-03,1.9095,0.0416,1.8679,0,0.0023,39.3355,-120.16989999999998,1796.429
CAVI,2020-01-03,2.138,0.0562999999999999,2.0817,0,0.0022,34.5113,-117.3229,879.582
CAWI,2020-01-03,2.3648,0.0487999999999999,2.316,0,0.0022,39.5216,-122.21569999999996,19.839
CAWO,2020-01-03,2.3943000000000003,0.0978,2.2965,0,0.0024,36.4003,-119.10379999999998,104.202
CAWS,2020-01-03,2.3928000000000003,0.0648,2.328,0,0.0023,33.07,-115.7353,-79.146
CAWV,2020-01-03,2.2947,0.046,2.2487,0,0.003,34.1593,-118.83280000000002,247.524
CAYC,2020-01-03,2.3686,0.0433,2.3253,0,0.0021,39.1453,-121.64260000000002,-4.109
CBHS,2020-01-03,2.2927,0.054,2.2387,0,0.0025,34.1386,-118.6298,284.61
CCCC,2020-01-03,2.1591,0.0572,2.1019,0,0.0023,35.5653,-117.6712,813.98
CCCS,2020-01-03,2.3837,0.0797,2.3040000000000003,0,0.0024,33.8627,-117.86490000000003,31.822
CCSF,2020-01-03,2.3715,0.0494,2.3221,0,0.0022,37.7488,-122.40049999999997,-16.414
CCYN,2020-01-03,1.9844,0.0564,1.928,0,0.0023,39.1024,-119.34770000000005,1532.104
CDMT,2020-01-03,2.1188,0.0508,2.068,0,0.0024,34.8295,-116.33590000000004,936.558
CGDM,2020-01-03,2.1853,0.0572,2.1281000000000003,0,0.0031,34.244,-117.9649,704.681
CHEM,2020-01-03,1.9934,0.0447,1.9487,0,0.0022,43.2244,-121.7858,1439.969
CHIL,2020-01-03,1.9557,0.0378999999999999,1.9178,0,0.0023,34.3334,-118.026,1567.505
CHMS,2020-01-03,2.1684,0.0538999999999999,2.1145,0,0.0023,34.6405,-117.8277,760.296
CHOW,2020-01-03,2.3839,0.069,2.3149,0,0.0023,37.0849,-120.21050000000002,46.661
CIHL,2020-01-03,1.8564,0.0259,1.8305,0,0.002,43.7509,-121.14869999999996,1945.546
CIRX,2020-01-03,2.2367,0.0518,2.1849,0,0.0026,34.1096,-118.9373,488.212
CIT1,2020-01-03,2.3284,0.0724,2.256,0,0.0023,34.1367,-118.1273,215.354
CJMG,2020-01-03,1.9573,0.0466,1.9107,0,0.0022,34.2712,-117.42449999999997,1584.414
CJMS,2020-01-03,2.119,0.0513,2.0677,0,0.0025,34.3138,-117.4794,933.354
CJVG,2020-01-03,2.0281,0.0468,1.9813,0,0.0029,34.5303,-118.1442,1304.846
CLAR,2020-01-03,2.2636,0.0518,2.2118,0,0.0023,34.1099,-117.7088,373.623
CLBD,2020-01-03,2.3826,0.0767,2.3059000000000003,0,0.0027,33.1354,-117.31100000000004,20.582
CLCV,2020-01-03,1.8824,0.034,1.8484,0,0.0028,42.976,-122.0894,1873.817
CLHQ,2020-01-03,1.8841,0.0534,1.8307,0,0.0035,42.8959,-122.13599999999995,1952.469
CLMS,2020-01-03,1.6827,0.0156,1.6671000000000002,0,0.0022,42.9229,-122.0163,2705.286
CLOV,2020-01-03,1.8411,0.0447,1.7964,0,0.0025,40.5584,-114.87419999999996,2084.911
CLV1,2020-01-03,2.1817,0.056,2.1257,0,0.0022,36.2146,-115.2582,703.41
CLV2,2020-01-03,2.1753,0.0573,2.118,0,0.0023,36.3177,-115.2711,734.125
CLV3,2020-01-03,2.1037,0.0489,2.0548,0,0.0023,36.182,-115.34979999999996,986.028
CLWZ,2020-01-03,1.8849,0.0356,1.8493,0,0.003,42.9343,-122.1492,1869.837
CMBB,2020-01-03,2.1918,0.0514,2.1404,0,0.0032,38.0342,-120.38599999999995,695.713
CMNC,2020-01-03,2.3574,0.045,2.3124,0,0.0025,38.2063,-120.9995,53.785
CMOD,2020-01-03,2.3672,0.0472999999999999,2.3199,0,0.0022,37.6413,-121.0,28.116
CMP9,2020-01-03,2.0657,0.0438,2.0219,0,0.0027,34.3532,-118.41139999999996,1138.06
CNPP,2020-01-03,2.2956,0.0647,2.2309,0,0.0026,33.8576,-117.6089,300.311
COAG,2020-01-03,2.3723,0.0692,2.3031000000000006,0,0.0023,32.8635,-115.12329999999996,3.653
COF1,2020-01-03,2.0546,0.0602,1.9944,0,0.0022,39.605,-119.24059999999996,1251.989
COPR,2020-01-03,2.3786,0.0606,2.318,0,0.0023,34.4149,-119.8795,-22.84
CORX,2020-01-03,2.3575,0.071,2.2865,0,0.0022,32.4154,-117.2482,74.322
CPBN,2020-01-03,2.1539,0.0595,2.0944000000000003,0,0.0024,35.0717,-117.57299999999998,835.827
CRA5,2020-01-03,2.0707,0.0774,1.9933,0,0.0022,43.4158,-118.5749,1248.28
CRAM,2020-01-03,1.9916,0.0552,1.9364,0,0.0025,37.0812,-116.8184,1480.165
CRBT,2020-01-03,2.3255,0.0689,2.2566,0,0.0023,35.7916,-120.75080000000004,205.434
CRCN,2020-01-03,2.3987,0.086,2.3127,0,0.0023,36.114,-119.56799999999998,28.64
CRFP,2020-01-03,2.1872,0.0584,2.1288,0,0.0023,34.0391,-117.09969999999998,688.825
CRGG,2020-01-03,2.0472,0.0347,2.0125,0,0.0021,35.2421,-119.72479999999996,1173.058
CRHS,2020-01-03,2.3989000000000003,0.0785999999999999,2.3203,0,0.0053,33.8235,-118.27279999999996,-23.524
CRRS,2020-01-03,2.3925,0.0637,2.3288,0,0.0023,33.0698,-115.735,-81.906
CRU1,2020-01-03,2.1652,0.0386,2.1266,0,0.0023,34.0293,-119.78480000000002,702.183
CSCI,2020-01-03,2.3638000000000003,0.0679,2.2959,0,0.0023,34.1684,-119.039,70.849
CSDH,2020-01-03,2.3938,0.0774,2.3164,0,0.0025,33.8615,-118.25670000000002,-9.175
CSJB,2020-01-03,2.3639,0.0484,2.3155,0,0.002,37.319,-121.85990000000004,19.458
CSN1,2020-01-03,2.2885,0.0432,2.2453000000000003,0,0.0022,34.2535,-118.5238,261.462
CSST,2020-01-03,2.3318000000000003,0.0609,2.2709,0,0.0027,34.4081,-119.3712,162.489
CTDM,2020-01-03,2.2643000000000004,0.056,2.2083000000000004,0,0.0023,34.5165,-118.6132,406.066
CTMS,2020-01-03,2.1071,0.0482999999999999,2.0588,0,0.0029,34.1241,-116.37040000000002,966.48
CUHS,2020-01-03,2.2025,0.0557999999999999,2.1467,0,0.0023,34.9426,-119.6739,635.298
CVHS,2020-01-03,2.3535,0.0729,2.2806,0,0.0026,34.082,-117.9017,119.084
DAEX,2020-01-03,2.2557,0.0585,2.1972,0,0.0027,32.2245,-115.4192,399.309
DAM2,2020-01-03,2.2242,0.0631,2.1611,0,0.0042,34.3348,-118.39689999999996,583.378
DDMN,2020-01-03,1.802,0.038,1.764,0,0.0025,37.7442,-118.9812,2265.417
DECH,2020-01-03,1.8773,0.0447,1.8326,0,0.0024,38.0515,-119.0906,1947.579
DESC,2020-01-03,2.1193000000000004,0.0597,2.0596000000000005,0,0.0023,32.8299,-116.6418,957.318
DIAB,2020-01-03,2.0832,0.0183,2.0649,0,0.0028,37.8786,-121.91560000000004,990.26
DIXN,2020-01-03,2.3609,0.0338,2.3271,0,0.0023,38.4687,-121.8286,-9.119
DLNO,2020-01-03,2.3943000000000003,0.091,2.3033,0,0.0023,35.75,-119.24310000000004,63.906
DLUZ,2020-01-03,2.3305,0.0759,2.2546,0,0.0023,33.4306,-117.30719999999997,212.696
DOND,2020-01-03,2.2109,0.0606,2.1503,0,0.0025,37.2643,-119.69010000000004,665.739
DONO,2020-01-03,2.0686,0.0507,2.0179,0,0.0027,36.6925,-119.01800000000004,1187.94
DOT1,2020-01-03,2.0107,0.0549,1.9558,0,0.0021,39.1562,-119.7634,1415.789
DREW,2020-01-03,2.3788,0.0766,2.3022000000000005,0,0.0023,36.0058,-119.95839999999998,44.04
DS13,2020-01-03,2.093,0.0509,2.0421,0,0.0025,35.2478,-116.79150000000004,1044.2
DSME,2020-01-03,2.3723,0.0766,2.2957000000000005,0,0.0023,33.0365,-117.2495,56.126
DSSC,2020-01-03,1.9415,0.0487999999999999,1.8927,0,0.003,33.7333,-116.71209999999996,1660.869
DTPG,2020-01-03,2.1358,0.057,2.0788,0,0.0022,35.2675,-117.84590000000004,910.255
DUBP,2020-01-03,2.3071,0.0388,2.2683,0,0.0022,37.7276,-121.8551,202.721
DVCG,2020-01-03,1.8597,0.0509,1.8088,0,0.0023,44.383,-114.03859999999996,1984.412
EBMD,2020-01-03,2.3719,0.0482,2.3237000000000005,0,0.002,37.815,-122.28380000000004,-16.026
ECFS,2020-01-03,2.1491,0.0474,2.1017,0,0.0022,33.6477,-117.4117,801.417
EDPP,2020-01-03,2.2998000000000003,0.0828,2.217,0,0.0023,34.9462,-118.8304,379.808
EGAN,2020-01-03,1.8704,0.0561,1.8143,0,0.0023,39.3452,-114.9389,1998.272
ELKO,2020-01-03,1.874,0.0602,1.8138,0,0.0022,40.9147,-115.8172,2016.885
ELLY,2020-01-03,2.3812,0.0670999999999999,2.3141,0,0.0025,33.5835,-118.1288,-2.878
ELSC,2020-01-03,2.3775,0.0800999999999999,2.2974,0,0.0024,34.0297,-118.20839999999998,61.179
ELSG,2020-01-03,2.1482,0.049,2.0992,0,0.0023,33.6491,-117.426,811.341
ELTN,2020-01-03,2.1287,0.0507,2.078,0,0.0023,34.7031,-118.4257,916.482
EOCG,2020-01-03,2.3626,0.0615,2.3011,0,0.0024,34.4508,-119.76980000000005,42.473
ERRG,2020-01-03,2.3947,0.0626,2.3321,0,0.0025,33.1164,-115.8227,-92.406
EWPP,2020-01-03,2.2856,0.0638,2.2218,0,0.0032,34.1042,-117.5256,330.491
FCTF,2020-01-03,2.1758,-0.0988,2.2746000000000004,0,0.0085,34.0666,-118.44209999999998,148.455
FGNW,2020-01-03,2.3093000000000004,0.0686,2.2407000000000004,0,0.003,34.0509,-118.25940000000004,273.436
FGST,2020-01-03,2.1095,0.034,2.0755,0,0.0022,34.733,-120.00940000000004,904.076
FGSW,2020-01-03,2.3105,0.0698,2.2407,0,0.0025,34.0507,-118.25940000000004,273.423
FHOG,2020-01-03,1.9509,0.0414,1.9095,0,0.0025,34.0935,-116.9359,1588.675
FLAT,2020-01-03,1.8943,0.0514,1.8429,0,0.0023,38.304,-118.4631,1895.098
FLN1,2020-01-03,2.0771,0.0669,2.0102,0,0.0021,39.4666,-118.76369999999996,1187.352
FMTP,2020-01-03,2.2705,0.0514,2.2191,0,0.0022,34.4099,-118.89409999999998,362.816
FMVT,2020-01-03,2.201,0.0482999999999999,2.1527,0,0.0024,34.3563,-118.884,617.0
FOOT,2020-01-03,1.9757,0.057,1.9187,0,0.0023,39.3694,-113.80539999999996,1547.384
FOXG,2020-01-03,2.1927,0.0575,2.1352,0,0.0023,34.7339,-118.2405,688.815
FPPB,2020-01-03,2.3773000000000004,0.0574,2.3199,0,0.0021,37.3135,-120.4712,29.162
FVPK,2020-01-03,2.3889,0.0726,2.3163,0,0.0024,33.6623,-117.9357,-11.513
FWBD,2020-01-03,2.2383,0.093,2.1453,0,0.0019,44.2919,-117.22159999999997,631.429
FZHS,2020-01-03,2.0363,0.0456,1.9907,0,0.0023,34.8002,-118.89340000000004,1273.707
GARL,2020-01-03,1.9553,0.0533,1.902,0,0.0025,40.4165,-119.3555,1640.227
GDEC,2020-01-03,2.2206,0.0573,2.1633,0,0.0023,35.1894,-119.8637,566.233
GERL,2020-01-03,2.0719000000000003,0.0619,2.01,0,0.0021,40.6498,-119.36090000000002,1186.778
GHRP,2020-01-03,2.1974,0.0529,2.1445,0,0.0022,34.2039,-117.3979,628.617
GISA,2020-01-03,2.2784,0.0601,2.2183,0,0.0025,34.0693,-117.2183,343.471
GLRS,2020-01-03,2.384,0.0645999999999999,2.3194000000000004,0,0.0024,33.2748,-115.52139999999996,-48.656
GMAG,2020-01-03,2.1386,0.0544,2.0842,0,0.0023,34.2914,-116.38260000000002,866.738
GMPK,2020-01-03,2.1994,0.0513,2.1481,0,0.0023,33.0511,-114.82730000000004,591.182
GMRC,2020-01-03,2.0267,0.0482,1.9785,0,0.0033,34.784,-115.66020000000005,1298.184
GNPS,2020-01-03,2.2932,0.0482,2.245,0,0.0023,34.3086,-114.18939999999998,232.362
GOL2,2020-01-03,2.1107,0.0542,2.0565,0,0.003,35.4252,-116.8893,986.692
GOLD,2020-01-03,2.1109,0.0545,2.0564,0,0.0028,35.4252,-116.8893,986.689
GOSH,2020-01-03,1.9727,0.056,1.9167,0,0.0023,40.6402,-114.17970000000004,1560.193
GR8R,2020-01-03,2.3187,0.0546,2.2641,0,0.0028,36.399,-120.41570000000002,206.026
GRDV,2020-01-03,1.9914,0.0544,1.937,0,0.0021,38.9125,-119.6922,1496.468
GRN5,2020-01-03,2.3599,0.058,2.3019000000000003,0,0.0022,36.3405,-121.25530000000003,50.591
GTRG,2020-01-03,1.9611,0.0458,1.9153,0,0.002,43.2441,-113.2412,1539.157
GUAX,2020-01-03,2.3887,0.1017,2.287,0,0.0024,28.8841,-118.28970000000004,40.48
GVRS,2020-01-03,2.3475,0.0756,2.2719,0,0.0023,34.0474,-118.11289999999995,154.517
HALF,2020-01-03,2.1882,0.0828,2.1053999999999995,0,0.0021,44.8724,-117.09979999999996,783.435
HAR7,2020-01-03,2.2243000000000004,0.0682,2.1561000000000003,0,0.0022,35.0115,-117.29920000000004,590.37
HARV,2020-01-03,2.3674,0.0599,2.3075,0,0.0021,34.4694,-120.6821,14.917
HBCO,2020-01-03,2.397,0.0757999999999999,2.3212,0,0.0029,33.7836,-118.2858,-26.882
HCMN,2020-01-03,2.2197,0.0586,2.1611,0,0.0023,34.7548,-116.43010000000004,568.744
HCRO,2020-01-03,2.1048,0.0451,2.0597000000000003,0,0.0021,40.8159,-121.4699,1000.14
HELB,2020-01-03,2.0926,0.0544,2.0382,0,0.0023,36.6788,-119.02300000000002,1105.339
HIVI,2020-01-03,2.1214,0.0495,2.0719000000000003,0,0.0032,34.7599,-117.79949999999997,930.85
HMTG,2020-01-03,2.221,0.0628,2.1582,0,0.0022,33.7081,-117.00149999999996,577.027
HNPS,2020-01-03,2.2563000000000004,0.0541,2.2022000000000004,0,0.0032,33.705,-115.63530000000004,393.952
HOGS,2020-01-03,2.1603000000000003,0.0482999999999999,2.112,0,0.003,35.8667,-120.47950000000004,762.836
HOL3,2020-01-03,2.0404,0.045,1.9954,0,0.0022,34.4582,-117.8451,1239.408
HOTK,2020-01-03,1.8306,0.0396,1.791,0,0.0023,37.6586,-118.8213,2143.181
HRPR,2020-01-03,2.2091,0.0964,2.1127,0,0.002,43.8659,-117.60789999999996,760.903
HUNT,2020-01-03,2.2428000000000003,0.0501,2.1927000000000003,0,0.0024,35.8808,-120.4024,449.338
HUSB,2020-01-03,1.8393,0.0302,1.8091,0,0.0023,44.1195,-121.8494,2038.398
HVYS,2020-01-03,2.2782,0.0626,2.2156,0,0.0027,34.4412,-119.1875,373.951
HWFG,2020-01-03,1.9153,0.0453,1.87,0,0.0021,43.9275,-113.0967,1716.28
I40A,2020-01-03,2.1659,0.0557999999999999,2.1101,0,0.0023,34.7273,-115.91139999999996,765.296
IAGX,2020-01-03,2.3269,0.0667,2.2602,0,0.0024,29.0266,-113.1719,152.431
IDB2,2020-01-03,2.0977,2.0977,2.0977,0,2.0977,43.6025,-116.27160000000003,817.419
IDBO,2020-01-03,2.1871,0.0849,2.1022,0,0.0023,43.6117,-116.3186,800.151
IDCH,2020-01-03,1.961,0.0521,1.9089,0,0.0021,44.5151,-114.2201,1545.22
IDFL,2020-01-03,2.226,0.089,2.137,0,0.002,44.0092,-116.91610000000004,666.949
IDHA,2020-01-03,1.8953,1.8953,1.8953,0,1.8953,43.5183,-114.3134,1621.49
IDHD,2020-01-03,2.196,0.0912,2.1048,0,0.0023,43.9086,-116.202,786.379
IDKM,2020-01-03,1.9084,0.0479,1.8605,0,0.0021,43.687,-114.3691,1768.02
IDLD,2020-01-03,1.8877,0.0447,1.843,0,0.002,44.6654,-113.3435,1826.43
IDM1,2020-01-03,2.1059,2.1059,2.1059,0,2.1059,43.606,-116.3865,786.389
IDMA,2020-01-03,1.9015,0.0466,1.8549,0,0.0022,43.9074,-113.6028,1784.88
IDMH,2020-01-03,2.1399000000000004,0.0798,2.0601,0,0.0022,43.1376,-115.66970000000003,961.334
IDML,2020-01-03,2.0126,0.0518,1.9608,0,0.0023,42.3095,-113.36990000000004,1367.098
IDMN,2020-01-03,2.2105,0.0893,2.1212,0,0.0022,43.7057,-116.70119999999996,728.735
IDNA,2020-01-03,2.2017,0.0858,2.1159,0,0.0019,43.5823,-116.57,749.158
IDNL,2020-01-03,1.9676,0.0472,1.9204,0,0.002,43.5482,-113.0091,1508.45
IDNR,2020-01-03,2.0911,0.0843,2.0068,0,0.0024,43.2054,-116.75009999999996,1191.0
IDOG,2020-01-03,2.2462,0.0529,2.1933,0,0.0023,33.7968,-116.2215,434.972
IDQG,2020-01-03,2.3685,0.0589,2.3096,0,0.0023,33.768,-116.23900000000005,-1.331
IDRU,2020-01-03,1.9842,1.9842,1.9842,0,1.9842,42.6615,-113.74559999999995,1263.929
IDT1,2020-01-03,2.0183,2.0183,2.0183,0,2.0183,42.5801,-114.4749,1128.062
IDTD,2020-01-03,2.1949,0.09,2.1049,0,0.0021,43.6529,-116.28340000000004,788.659
IDTF,2020-01-03,2.0841,0.0698,2.0143,0,0.002,42.5364,-114.44759999999997,1145.056
IID2,2020-01-03,2.3684000000000003,0.0674,2.301,0,0.0026,32.7062,-115.03179999999998,9.792
IMIE,2020-01-03,2.3995,0.091,2.3085,0,0.0023,31.8619,-116.61630000000002,-22.225
IMPS,2020-01-03,2.2204,0.063,2.1574,0,0.0024,34.1576,-115.1451,563.227
INV1,2020-01-03,1.8753,0.043,1.8323,0,0.0024,39.2521,-119.97050000000002,1948.024
ISLK,2020-01-03,2.1736,0.0684,2.1052,0,0.0024,35.6623,-118.47429999999996,823.37
JAS1,2020-01-03,2.362,0.0790999999999999,2.2829,0,0.0023,32.8279,-116.98810000000005,97.534
JLN5,2020-01-03,2.3306,0.0567999999999999,2.2738,0,0.0022,35.8732,-120.8329,141.016
JNHG,2020-01-03,2.0332,0.046,1.9872,0,0.0023,34.4491,-117.9554,1276.149
JPLM,2020-01-03,2.2683000000000004,0.067,2.2013000000000003,0,0.0024,34.2048,-118.1732,424.001
JPLQ,2020-01-03,2.2834000000000003,0.0653,2.2181,0,0.0026,34.2018,-118.1778,360.198
JRSC,2020-01-03,2.318,0.0392,2.2788000000000004,0,0.0021,37.4062,-122.2274,144.261
JUN1,2020-01-03,2.1693,0.0889,2.0804,0,0.0018,43.7438,-118.07849999999996,890.597
KBRC,2020-01-03,2.2742,0.0573,2.2169,0,0.0025,34.3985,-119.0082,370.485
KDL1,2020-01-03,2.3924000000000003,0.0819,2.3105,0,0.0022,36.3196,-119.55650000000004,46.14
KFRC,2020-01-03,2.0506,0.0523,1.9983,0,0.0024,42.2242,-121.78390000000002,1240.188
KGMN,2020-01-03,2.0864000000000003,0.0392999999999999,2.0471000000000004,0,0.0027,35.2311,-114.00239999999997,1015.63
KNOL,2020-01-03,1.7113,0.0297,1.6816,0,0.0027,37.6591,-118.9792,2651.774
KRAC,2020-01-03,1.7795,0.04,1.7395,0,0.003,37.7133,-118.88049999999998,2377.709
KWBU,2020-01-03,1.9186,0.0464,1.8722,0,0.0032,43.7524,-121.312,1762.561
KYVW,2020-01-03,1.9739,0.0443,1.9296,0,0.0023,33.9254,-116.17340000000002,1498.216
LACR,2020-01-03,1.9595,0.0632,1.8963,0,0.0022,40.8508,-115.70370000000004,1653.766
LAND,2020-01-03,2.212,0.0503,2.1617,0,0.0022,35.8998,-120.4733,568.555
LAPC,2020-01-03,2.3152,0.0559,2.2593,0,0.0027,34.1819,-118.5747,207.813
LAPN,2020-01-03,2.037,0.0508,1.9862,0,0.0023,43.6646,-121.50599999999996,1278.936
LBC1,2020-01-03,2.3964000000000003,0.0768,2.3196,0,0.0025,33.8321,-118.1372,-21.964
LBC2,2020-01-03,2.3976,0.0762,2.3214,0,0.0024,33.7916,-118.1732,-28.467
LBCH,2020-01-03,2.4005,0.0793,2.3212,0,0.0022,33.7878,-118.2033,-27.517
LBNO,2020-01-03,2.3491,0.07,2.2791,0,0.0024,32.8812,-117.2375,115.147
LBRF,2020-01-03,2.3691,0.0742,2.2949,0,0.0024,32.8861,-117.2303,56.451
LBSE,2020-01-03,2.3492,0.0702,2.279,0,0.0023,32.8811,-117.2375,115.141
LBSW,2020-01-03,2.3493000000000004,0.0702,2.279100000000001,0,0.0023,32.8811,-117.2376,115.143
LDES,2020-01-03,2.1087,0.0523,2.0564,0,0.0023,34.2673,-116.4328,978.073
LDSW,2020-01-03,2.1979,0.0557,2.1422000000000003,0,0.0024,34.6994,-116.20910000000003,640.928
LEMA,2020-01-03,2.389,0.0772,2.3118000000000003,0,0.0022,36.292,-119.7824,34.971
LEWI,2020-01-03,1.6642,0.0411,1.6231000000000002,0,0.0036,40.4035,-116.8619,2916.712
LFRS,2020-01-03,2.3418,0.0668,2.275,0,0.0025,34.0951,-118.4128,146.894
LGWD,2020-01-03,2.3593,0.0706,2.2887000000000004,0,0.0023,33.6406,-117.7645,88.696
LINC,2020-01-03,1.6234000000000002,0.0252,1.5982,0,0.0023,37.6372,-119.01729999999998,3056.94
LINJ,2020-01-03,2.1815,0.0552,2.1263,0,0.0022,34.662,-118.13919999999996,721.38
LJRN,2020-01-03,1.9968,0.0417,1.9551,0,0.0022,34.8075,-118.8677,1422.485
LKHG,2020-01-03,2.157,0.0623,2.0947,0,0.0023,33.236,-116.7588,823.294
LKVW,2020-01-03,1.9983,0.0467,1.9516,0,0.0022,42.1721,-120.3467,1433.016
LL01,2020-01-03,2.1015,0.0487999999999999,2.0527,0,0.0022,34.4855,-117.83500000000004,1005.324
LLAS,2020-01-03,2.1548000000000003,0.0536,2.1012000000000004,0,0.0022,34.586,-117.8379,812.48
LMHG,2020-01-03,2.2407,0.053,2.1877,0,0.0024,33.7442,-117.3913,464.527
LMRR,2020-01-03,2.0194,0.0543,1.9651,0,0.0024,39.5385,-119.81309999999996,1373.7
LNMT,2020-01-03,2.0168,0.0479,1.9689,0,0.0023,35.0902,-116.93970000000002,1345.288
LOMP,2020-01-03,2.3507,0.0564,2.2943,0,0.0029,34.6909,-120.4466,63.579
LONG,2020-01-03,2.3246,0.0312,2.2934,0,0.0055,34.1119,-118.0034,74.245
LORS,2020-01-03,2.2545,0.062,2.1925,0,0.0024,34.1333,-117.7541,448.88
LOWS,2020-01-03,2.2593,0.0614,2.1979,0,0.0025,35.8287,-120.59429999999998,428.666
LPCG,2020-01-03,2.0205,0.0458,1.9747,0,0.0024,34.3149,-117.5464,1315.291
LPHS,2020-01-03,2.3698,0.0755,2.2943,0,0.0027,34.0268,-117.9567,68.509
LRA1,2020-01-03,2.2805,0.0097,2.2708000000000004,0,0.0059,37.8746,-122.2439,181.515
LRA2,2020-01-03,2.312,0.0436,2.2684,0,0.004,37.875,-122.24379999999996,190.883
LRA3,2020-01-03,2.3093000000000004,0.0439,2.2654,0,0.0039,37.8754,-122.2437,201.715
LRA4,2020-01-03,2.2711,0.0126,2.2585,0,0.0084,37.8762,-122.2407,227.856
LRRG,2020-01-03,2.1429,0.0565,2.0864000000000003,0,0.0027,34.5271,-118.02999999999996,874.995
LUND,2020-01-03,1.9547,0.0512,1.9035,0,0.0023,38.0079,-113.47519999999996,1599.084
LUTZ,2020-01-03,2.3414,0.0467,2.2947,0,0.0023,37.2869,-121.86519999999996,95.102
LVMS,2020-01-03,1.9603,0.0345,1.9258,0,0.0024,34.7336,-119.1037,1543.081
MASW,2020-01-03,2.1721,0.0476,2.1245,0,0.0021,35.8326,-120.44309999999996,713.744
MAT2,2020-01-03,2.2659,0.0614,2.2045,0,0.0023,33.8568,-117.43669999999996,398.316
MCCM,2020-01-03,2.3966,0.0767,2.3199,0,0.0098,38.1448,-122.8802,-3.751
MCSO,2020-01-03,2.4167,0.1192,2.2975,0,0.0025,44.9738,-122.95569999999998,52.795
MDMT,2020-01-03,1.9427,0.0561,1.8866000000000005,0,0.0044,42.4183,-121.22159999999997,1710.58
MDRS,2020-01-03,2.1843000000000004,0.0642,2.1201000000000003,0,0.0022,44.664,-121.1304,735.918
MERC,2020-01-03,2.0446,0.0551,1.9895,0,0.0022,36.6325,-115.97900000000004,1256.877
MEXI,2020-01-03,2.3818,0.0711,2.3107,0,0.0024,32.633,-115.47569999999996,-22.339
MHCB,2020-01-03,2.0103,0.0128,1.9975,0,0.0025,37.3415,-121.64260000000002,1261.765
MHDL,2020-01-03,2.3524000000000003,0.0536,2.2988000000000004,0,0.0031,37.8423,-122.4943,65.889
MHMS,2020-01-03,2.3976,0.083,2.3146,0,0.0025,33.9391,-118.2441,-2.461
MIDA,2020-01-03,2.2119,0.0506,2.1613,0,0.003,35.9219,-120.4588,570.698
MIG1,2020-01-03,2.3385,0.0631,2.2754000000000003,0,0.0023,34.0383,-120.3514,130.924
MILK,2020-01-03,2.3275,0.0789,2.2486,0,0.0026,34.1368,-118.1263,243.285
MILP,2020-01-03,2.2622,0.0308,2.2314,0,0.002,37.449,-121.83410000000003,336.268
MINE,2020-01-03,1.8631,0.0621,1.801,0,0.0023,40.1484,-116.09550000000002,2075.642
MINS,2020-01-03,1.68,0.0242,1.6558,0,0.0023,37.6538,-119.0609,2776.927
MJPK,2020-01-03,1.9629,0.038,1.9249,0,0.0023,33.7145,-117.5505,1528.011
MLFP,2020-01-03,2.2414,0.0567,2.1847000000000003,0,0.0023,33.9184,-117.31799999999998,472.969
MNDS,2020-01-03,1.9848,0.0456,1.9392,0,0.0021,39.6247,-120.4006,1493.285
MNMC,2020-01-03,2.0698000000000003,0.0322999999999999,2.0375,0,0.0023,35.9695,-120.4341,1061.912
MNRC,2020-01-03,2.1692,0.0362,2.133,0,0.0021,38.8787,-122.44280000000003,707.806
MODB,2020-01-03,1.9721,0.052,1.9201,0,0.0033,41.9023,-120.3028,1567.22
MOIL,2020-01-03,1.8254,0.0445,1.7809,0,0.0022,40.7107,-115.4121,2160.447
MONB,2020-01-03,2.1471,0.0233,2.1238,0,0.0021,37.4853,-121.8669,750.362
MPWD,2020-01-03,2.3222,0.0577,2.2645,0,0.0028,34.2955,-118.878,190.235
MRC2,2020-01-03,2.3832,0.0629,2.3203,0,0.0022,37.2959,-120.4389,27.846
MSC1,2020-01-03,2.1226,0.0505,2.0721,0,0.0024,34.0385,-116.64800000000002,913.054
MSHP,2020-01-03,2.3183,0.0433,2.275,0,0.0025,37.5563,-121.92489999999998,172.201
MSOB,2020-01-03,1.9146,0.0384,1.8762,0,0.0038,34.2308,-117.2101,1733.145
MTCL,2020-01-03,2.1534,0.068,2.0854,0,0.0027,44.5652,-120.14660000000003,877.835
MTGG,2020-01-03,2.0876,0.0537,2.0339,0,0.0022,33.1992,-116.6472,1066.72
MTWK,2020-01-03,2.3721,0.0409,2.3312,0,0.0021,37.778,-121.1845,-13.962
MULN,2020-01-03,2.3875,0.071,2.3165,0,0.0022,36.5651,-120.09159999999996,25.794
MUSB,2020-01-03,1.8389,0.0209,1.818,0,0.0031,37.1699,-119.30939999999998,2042.522
MVFD,2020-01-03,2.053,0.0496,2.0034,0,0.0025,33.2109,-116.52530000000002,1190.088
MWTP,2020-01-03,1.7906,0.0373,1.7533,0,0.0024,37.6405,-118.9447,2317.38
MXGE,2020-01-03,2.3768,0.0669,2.3099000000000003,0,0.0023,32.6412,-115.4767,-19.4
MXGM,2020-01-03,2.3752,0.0653,2.3099,0,0.0023,32.6413,-115.47720000000004,-19.405
MXGW,2020-01-03,2.3757,0.0658,2.3099,0,0.0023,32.6413,-115.47699999999998,-19.382
MXS1,2020-01-03,2.383,0.0693,2.3137,0,0.0029,32.6435,-115.47389999999996,-33.087
NARR,2020-01-03,2.0503,0.0642,1.9861,0,0.0023,39.2546,-119.28319999999997,1287.829
NAYX,2020-01-03,2.3765,0.0664,2.3101,0,0.0029,32.3243,-115.2955,-23.856
NDAP,2020-01-03,2.2929,0.0486,2.2443000000000004,0,0.0023,34.7677,-114.6186,241.367
NEVA,2020-01-03,2.0345,0.0529,1.9816,0,0.0025,36.8504,-116.31029999999998,1290.136
NEWS,2020-01-03,1.9312,0.0584,1.8728,0,0.0022,39.6856,-117.50890000000004,1770.421
NHRG,2020-01-03,1.9331,0.0327999999999999,1.9003,0,0.0022,34.4987,-119.1413,1648.741
NOCO,2020-01-03,2.3313,0.0708,2.2605,0,0.0022,33.9197,-117.56960000000004,186.789
NOPK,2020-01-03,2.3813000000000004,0.0761,2.3052,0,0.0023,33.9797,-118.348,33.109
NORD,2020-01-03,1.995,0.0538,1.9412,0,0.0026,38.886,-119.3202,1477.03
NSSS,2020-01-03,2.3571,0.0829,2.2742,0,0.0023,32.5793,-116.97270000000005,123.611
NVAG,2020-01-03,2.1962,0.0593,2.1369,0,0.0024,36.4485,-116.46370000000002,665.358
NVAL,2020-01-03,2.0963000000000003,0.0555,2.0408000000000004,0,0.0024,37.3699,-115.159,1040.32
NVB1,2020-01-03,2.1157000000000004,2.1157000000000004,2.1157000000000004,0,2.1157000000000004,35.9728,-114.8537,739.672
NVBC,2020-01-03,2.1695,0.0538,2.1157,0,0.0022,35.9728,-114.85360000000004,739.529
NVBM,2020-01-03,2.1764,0.0535,2.1229,0,0.0024,35.9698,-115.15750000000004,712.505
NVCA,2020-01-03,2.1988000000000003,0.0584,2.1404,0,0.0023,36.2198,-115.1721,645.418
NVCC,2020-01-03,2.0096,0.0547,1.9549,0,0.0023,39.1808,-119.76530000000002,1419.137
NVCO,2020-01-03,2.2019,0.0609,2.141,0,0.0023,36.7954,-114.892,643.508
NVDB,2020-01-03,2.1112,2.1112,2.1112,0,2.1112,36.0773,-115.2876,759.547
NVFN,2020-01-03,2.0704,0.0618,2.0086000000000004,0,0.0022,39.4746,-118.79809999999998,1193.862
NVFW,2020-01-03,2.2393,0.0647,2.1746000000000003,0,0.0025,36.1118,-115.02070000000003,510.398
NVH1,2020-01-03,2.1517000000000004,2.1517000000000004,2.1517000000000004,0,2.1517000000000004,36.03,-114.98270000000002,598.406
NVH2,2020-01-03,2.1079000000000003,2.1079000000000003,2.1079000000000003,0,2.1079000000000003,35.9769,-115.10040000000004,770.69
NVIS,2020-01-03,2.1244,0.0561,2.0683,0,0.0022,36.5777,-115.6463,933.725
NVKP,2020-01-03,2.1348000000000003,2.1348000000000003,2.1348000000000003,0,2.1348000000000003,36.3897,-114.92669999999998,666.979
NVL1,2020-01-03,2.1393000000000004,2.1393000000000004,2.1393000000000004,0,2.1393000000000004,36.097,-115.19029999999998,648.903
NVLA,2020-01-03,2.315,0.0485,2.2665,0,0.0024,35.1706,-114.57979999999998,162.107
NVLM,2020-01-03,2.2706,0.0573,2.2133,0,0.0022,36.0697,-114.8132,362.054
NVLV,2020-01-03,2.1953,0.0575,2.1378000000000004,0,0.0023,36.0835,-115.18489999999996,654.483
NVM1,2020-01-03,2.1809000000000003,2.1809000000000003,2.1809000000000003,0,2.1809000000000003,36.8095,-114.09069999999996,487.371
NVMV,2020-01-03,2.2767,0.0674,2.2093,0,0.0025,36.5329,-114.41110000000003,379.464
NVNL,2020-01-03,2.1622000000000003,2.1622000000000003,2.1622000000000003,0,2.1622000000000003,36.2122,-115.12620000000004,559.721
NVOV,2020-01-03,2.2706,0.0592,2.2114000000000003,0,0.0024,36.5416,-114.44830000000002,371.922
NVPI,2020-01-03,1.9059,0.0458999999999999,1.86,0,0.0023,37.937,-114.4509,1793.45
NVRM,2020-01-03,2.1914,0.0592,2.1322,0,0.0023,36.0246,-114.9217,674.614
NVSL,2020-01-03,2.0864000000000003,0.0487,2.0377,0,0.0027,35.4659,-114.92150000000004,1052.99
NVSP,2020-01-03,2.0346,0.0581,1.9765,0,0.0021,39.5286,-119.70190000000002,1326.284
NVSV,2020-01-03,1.9106,0.0458999999999999,1.8647,0,0.0024,38.9168,-114.40269999999998,1775.79
NVTP,2020-01-03,2.1436,0.0538,2.0898,0,0.0022,36.0992,-115.329,845.157
NVWS,2020-01-03,2.2339,0.0595,2.1744000000000003,0,0.0023,36.725,-114.71550000000002,513.79
OAES,2020-01-03,2.2074000000000003,0.0578,2.1496,0,0.0023,34.141,-116.0677,604.797
OAKR,2020-01-03,2.3061,0.0928,2.2133,0,0.0021,43.7383,-122.44460000000004,375.902
OCSD,2020-01-03,2.3816,0.0814,2.3002,0,0.0031,33.2407,-117.3467,42.895
OEOC,2020-01-03,2.2808,0.0643,2.2165,0,0.0023,33.7659,-117.7441,358.614
OHLN,2020-01-03,2.3709,0.0504,2.3205,0,0.0028,38.0063,-122.27300000000002,-0.55
ONT1,2020-01-03,2.2317,0.0894,2.1423,0,0.0021,44.0232,-116.938,646.066
OPBL,2020-01-03,2.0485,0.0534,1.9951,0,0.0024,34.3699,-115.91809999999998,1226.543
OPCP,2020-01-03,2.0715,0.0445,2.027,0,0.0037,34.3671,-116.08339999999998,1096.665
OPCX,2020-01-03,2.0689,0.0507,2.0182,0,0.0023,34.4301,-116.1495,1133.821
OPRD,2020-01-03,1.998,0.0435,1.9545,0,0.0028,34.533,-116.2923,1400.207
ORBN,2020-01-03,2.0906,0.052,2.0386,0,0.002,44.0943,-121.3019,1060.323
ORC5,2020-01-03,2.3349,0.0514,2.2835,0,0.0027,34.8021,-120.44309999999996,103.607
ORE2,2020-01-03,2.1905,0.0278,2.1627,0,0.0029,37.4598,-121.75189999999998,601.643
ORE3,2020-01-03,2.1739,0.0269,2.147,0,0.0034,37.4615,-121.75080000000004,662.085
OREO,2020-01-03,2.1797,0.0271,2.1526,0,0.0028,37.4607,-121.75120000000004,640.35
ORES,2020-01-03,2.3298,0.0572,2.2726000000000006,0,0.0025,34.7391,-120.27859999999998,143.818
ORKF,2020-01-03,2.0463,0.0465,1.9998,0,0.0019,42.1434,-121.8086,1234.581
ORM1,2020-01-03,2.1947,0.0695,2.1252,0,0.0021,44.6016,-121.14099999999996,715.902
ORMF,2020-01-03,2.2925,0.0729,2.2196,0,0.002,42.3799,-122.8845,379.735
ORMT,2020-01-03,1.8803,0.0397,1.8406,0,0.0025,34.6749,-116.81510000000004,1893.312
OROR,2020-01-03,2.3219000000000003,0.0958,2.2261,0,0.002,43.7464,-122.4853,327.309
ORSH,2020-01-03,2.3857,0.1129,2.2728,0,0.0023,44.3977,-122.7276,150.175
ORSL,2020-01-03,2.2993,2.2993,2.2993,0,2.2993,44.973,-122.95529999999997,46.125
ORVB,2020-01-03,2.2783,0.0468,2.2315,0,0.002,39.5546,-121.50030000000004,340.0
OTAY,2020-01-03,2.355,0.0831,2.2719,0,0.003,32.608,-116.93219999999997,132.582
OVLS,2020-01-03,2.3646,0.0679,2.2967,0,0.0035,34.3274,-119.14189999999996,69.212
OXMT,2020-01-03,2.3573000000000004,0.0975,2.2598000000000003,0,0.0054,37.4994,-122.42430000000002,209.083
OZST,2020-01-03,2.0853,0.0441,2.0412000000000003,0,0.0024,34.6834,-119.35339999999997,1059.176
P002,2020-01-03,1.9374,0.059,1.8784,0,0.0022,39.5211,-117.18650000000002,1741.68
P003,2020-01-03,2.3402,0.0497,2.2905,0,0.0023,32.7225,-114.005,50.993
P005,2020-01-03,1.8616,0.0502,1.8114,0,0.0026,39.9102,-115.27859999999998,2015.69
P006,2020-01-03,2.274,0.0613,2.2127,0,0.0024,36.1542,-114.45690000000002,365.216
P007,2020-01-03,1.9458,0.0578,1.888,0,0.0023,41.7242,-114.8197,1686.582
P010,2020-01-03,1.988,0.0349,1.9531,0,0.0022,34.6673,-113.73130000000003,1399.056
P013,2020-01-03,2.0165,0.0659,1.9506,0,0.0021,41.4287,-117.33000000000004,1433.406
P017,2020-01-03,1.7591,0.0251,1.734,0,0.0021,41.2759,-119.9355,2390.645
P018,2020-01-03,2.0247,0.0734,1.9513,0,0.0021,42.9817,-117.06460000000004,1424.251
P019,2020-01-03,1.9411,0.0561,1.885,0,0.0022,43.3002,-115.31169999999996,1682.369
P023,2020-01-03,1.9867,0.0638,1.9229,0,0.0025,44.8984,-116.103,1521.588
P056,2020-01-03,2.3854,0.0903,2.2951,0,0.0024,36.0274,-119.0629,101.922
P060,2020-01-03,2.2631,0.0584,2.2047,0,0.0029,40.9976,-122.4149,430.811
P062,2020-01-03,2.0107,0.0405,1.9702,0,0.0018,43.1124,-121.09069999999996,1350.265
P063,2020-01-03,2.1259,0.0634,2.0625,0,0.0021,44.9227,-120.94619999999998,965.399
P066,2020-01-03,2.1447,0.0536,2.0911,0,0.0024,32.6165,-116.1698,822.89
P067,2020-01-03,2.3408,0.0581,2.2827,0,0.0023,35.5518,-121.003,107.008
P068,2020-01-03,2.0006,0.0552,1.9454,0,0.0024,39.3056,-117.9848,1455.909
P069,2020-01-03,1.9,0.0547,1.8453,0,0.0021,39.2879,-117.6049,1886.372
P071,2020-01-03,1.849,0.0485,1.8005,0,0.0031,39.3465,-117.40120000000002,2085.326
P072,2020-01-03,1.8584,0.0535,1.8049,0,0.0022,39.5215,-116.7409,2061.207
P073,2020-01-03,1.8849,0.0542,1.8307,0,0.0022,39.5005,-116.42449999999997,1942.623
P074,2020-01-03,1.8826,0.0538999999999999,1.8287,0,0.0023,39.5464,-116.0496,1947.708
P075,2020-01-03,1.8958,0.0528,1.843,0,0.0022,39.3742,-115.8888,1881.641
P076,2020-01-03,1.8656,0.0515,1.8141,0,0.0022,39.5361,-115.51260000000002,2006.054
P077,2020-01-03,1.7892,0.0477,1.7415,0,0.0021,39.3886,-115.4318,2334.188
P078,2020-01-03,2.0136,0.0647,1.9489,0,0.0021,40.4334,-117.8798,1444.809
P079,2020-01-03,1.6881,0.035,1.6531,0,0.0022,39.2552,-114.69169999999995,2746.363
P080,2020-01-03,1.8636,0.0433,1.8203,0,0.0026,39.1194,-114.2772,1972.898
P081,2020-01-03,1.9589,0.0504,1.9085,0,0.0023,39.0673,-113.87130000000002,1588.137
P082,2020-01-03,2.0125,0.0545,1.958,0,0.0022,39.2689,-113.5052,1380.995
P083,2020-01-03,1.9626,0.0598,1.9028,0,0.0027,40.3206,-117.4676,1642.664
P084,2020-01-03,2.0007,0.0534,1.9473,0,0.0023,40.494,-113.05399999999996,1432.804
P085,2020-01-03,1.9582,0.0614,1.8968,0,0.0026,40.4955,-116.7362,1661.201
P087,2020-01-03,1.7905,0.051,1.7395,0,0.0021,40.3632,-116.27930000000003,2358.417
P090,2020-01-03,1.9849,0.0507,1.9342,0,0.0024,39.5728,-119.79989999999998,1503.649
P091,2020-01-03,1.8686,0.0433,1.8253,0,0.0022,36.6143,-117.5315,1966.861
P092,2020-01-03,1.8218,0.0395,1.7823,0,0.0022,36.8042,-117.40679999999998,2157.078
P093,2020-01-03,2.0198,0.0439,1.9759,0,0.0022,36.606,-117.9941,1339.065
P094,2020-01-03,1.9324,0.0521,1.8803000000000003,0,0.0022,37.2008,-117.7042,1729.218
P095,2020-01-03,1.9632,0.0538,1.9094,0,0.0023,39.6984,-119.5369,1608.804
P096,2020-01-03,2.058,0.0617,1.9963,0,0.0024,39.7956,-119.30560000000004,1243.284
P097,2020-01-03,2.0669,0.0623,2.0046000000000004,0,0.0024,39.8388,-118.8739,1210.378
P098,2020-01-03,2.0460000000000003,0.0597,1.9863,0,0.0023,39.8889,-118.68439999999998,1286.569
P099,2020-01-03,1.7622,0.0425,1.7197,0,0.0021,39.2123,-118.1594,2455.663
P100,2020-01-03,1.8862,0.0441,1.8421,0,0.0025,41.8568,-113.2942,1883.467
P103,2020-01-03,1.9849,0.0525,1.9324,0,0.0023,39.3451,-113.0421,1491.385
P111,2020-01-03,2.0112,0.049,1.9622,0,0.0021,41.8173,-113.0122,1366.234
P113,2020-01-03,2.0305,0.056,1.9745,0,0.0023,40.6713,-113.27800000000002,1317.629
P127,2020-01-03,1.9827,0.0531,1.9296,0,0.0025,39.4992,-119.5999,1523.94
P128,2020-01-03,2.0342,0.0561,1.9781,0,0.0023,39.4861,-119.0686,1320.007
P129,2020-01-03,1.94,0.055,1.885,0,0.0023,39.1339,-118.44960000000005,1714.115
P130,2020-01-03,2.0188,0.055,1.9638,0,0.0025,39.268,-118.93780000000004,1380.07
P131,2020-01-03,1.9114,0.0517,1.8597,0,0.0022,39.4547,-118.35130000000004,1825.052
P132,2020-01-03,1.9828,0.0606,1.9222,0,0.0023,38.7288,-118.00490000000002,1549.693
P133,2020-01-03,1.9199,0.0508,1.8691,0,0.0022,38.7246,-118.4602,1781.822
P134,2020-01-03,1.8948,0.0487999999999999,1.846,0,0.0022,38.9809,-118.93039999999996,1885.987
P135,2020-01-03,1.9367,0.0461,1.8906000000000005,0,0.0024,38.7046,-119.0154,1692.138
P136,2020-01-03,1.9186,0.0461,1.8725,0,0.0024,38.7614,-119.45849999999996,1773.263
P137,2020-01-03,2.0314,0.0564,1.975,0,0.0022,40.7798,-119.47680000000004,1331.783
P138,2020-01-03,2.0579,0.0615,1.9964,0,0.0027,40.2422,-119.0102,1243.696
P139,2020-01-03,1.9823,0.0533,1.929,0,0.002,39.9082,-119.72249999999995,1522.994
P140,2020-01-03,2.0802,0.0369,2.0433,0,0.0025,38.8292,-120.6932,1079.232
P141,2020-01-03,1.8115,0.0256,1.7859,0,0.0026,39.0466,-120.3856,2170.386
P142,2020-01-03,1.9138,0.0442,1.8696,0,0.0023,39.1235,-119.8107,1784.917
P143,2020-01-03,1.9272,0.0452,1.882,0,0.0025,38.7602,-119.76480000000004,1733.572
P144,2020-01-03,1.9845,0.0292,1.9553,0,0.0024,39.4667,-120.89300000000004,1436.863
P145,2020-01-03,1.9186,0.0429,1.8757,0,0.002,41.3577,-119.6243,1755.201
P146,2020-01-03,1.7703,0.0232,1.7471,0,0.0021,39.3375,-120.53729999999996,2347.304
P147,2020-01-03,1.7391,0.0255,1.7136,0,0.002,39.9374,-120.2844,2488.91
P148,2020-01-03,1.9553,0.0374,1.9179,0,0.0023,40.4186,-120.80600000000004,1584.555
P149,2020-01-03,1.709,0.0265,1.6825,0,0.0021,39.6021,-120.10500000000002,2634.676
P150,2020-01-03,1.7167,0.0308,1.6859000000000002,0,0.0027,39.2924,-120.03390000000002,2619.062
P151,2020-01-03,2.0277000000000003,0.0485,1.9792,0,0.0022,40.2889,-120.07730000000004,1313.042
P171,2020-01-03,2.1994,0.0366,2.1628000000000003,0,0.002,36.4855,-121.79250000000002,572.739
P172,2020-01-03,2.2697,0.0411,2.2286,0,0.0024,36.2281,-121.7672,312.616
P173,2020-01-03,2.2666,0.0464,2.2202,0,0.0024,35.9457,-121.2903,339.229
P174,2020-01-03,2.2682,0.044,2.2242,0,0.0021,36.3022,-121.0509,342.11
P175,2020-01-03,2.2314000000000003,0.0347,2.1967000000000003,0,0.0023,36.4259,-121.13490000000002,451.375
P176,2020-01-03,2.2329000000000003,0.032,2.2009000000000003,0,0.0025,37.4718,-122.3571,433.825
P177,2020-01-03,2.3447,0.0487999999999999,2.2959,0,0.0022,37.5282,-122.49509999999998,71.777
P178,2020-01-03,2.3329,0.0505,2.2824,0,0.0033,37.5345,-122.3324,129.054
P180,2020-01-03,2.1655,0.0338,2.1317,0,0.002,36.2928,-121.40319999999996,693.174
P181,2020-01-03,2.346,0.0471,2.2989,0,0.0025,37.9145,-122.3768,72.208
P193,2020-01-03,2.3543000000000003,0.0536,2.3007000000000004,0,0.0021,38.1229,-122.9081,66.598
P194,2020-01-03,2.2998000000000003,0.0445,2.2553,0,0.0024,38.1857,-122.8163,235.147
P195,2020-01-03,2.3325,0.052,2.2805,0,0.0036,38.6647,-122.95929999999998,146.82
P196,2020-01-03,2.3457,0.0514,2.2943,0,0.0024,38.2981,-122.74260000000004,90.529
P197,2020-01-03,2.3739000000000003,0.0546,2.3193,0,0.002,38.4286,-122.7674,0.033
P198,2020-01-03,2.3766,0.0569,2.3197,0,0.0025,38.2599,-122.60739999999998,-4.603
P199,2020-01-03,2.3526,0.0496,2.303,0,0.0022,38.2637,-122.5034,55.677
P200,2020-01-03,2.3763,0.0508,2.3255,0,0.0023,38.2398,-122.45169999999996,-25.082
P201,2020-01-03,2.2703,0.0448,2.2255000000000003,0,0.0019,38.5598,-122.65840000000004,349.355
P202,2020-01-03,2.1955,0.032,2.1635,0,0.0028,38.4236,-122.49599999999998,584.099
P203,2020-01-03,2.1054,0.0271,2.0783,0,0.0019,38.8661,-122.91700000000004,926.686
P204,2020-01-03,2.2943,0.0492,2.2451000000000003,0,0.0023,38.6665,-122.71050000000002,276.662
P205,2020-01-03,2.1586,0.0404,2.1182,0,0.0025,39.3981,-122.9631,771.075
P206,2020-01-03,2.2895,0.0463,2.2432,0,0.0022,38.7778,-122.57579999999996,283.607
P207,2020-01-03,1.8808,0.018,1.8628,0,0.0019,39.26,-122.71860000000004,1826.598
P208,2020-01-03,2.3452,0.0442,2.301,0,0.0022,39.1093,-122.3039,74.321
P209,2020-01-03,2.1835,0.0198,2.1637,0,0.0021,37.0693,-122.12670000000004,577.141
P210,2020-01-03,2.3698,0.0525,2.3173000000000004,0,0.0022,36.8161,-121.73180000000002,3.039
P211,2020-01-03,2.3568,0.0544,2.3024,0,0.0024,36.8792,-121.69799999999998,60.531
P212,2020-01-03,2.3598000000000003,0.0514,2.3084,0,0.004,36.962,-121.86270000000002,36.565
P213,2020-01-03,2.3144,0.0407,2.2737000000000003,0,0.0024,37.2017,-121.99080000000004,167.104
P214,2020-01-03,2.3491,0.0499,2.2992,0,0.0040999999999999,37.001,-121.7966,73.234
P215,2020-01-03,2.1630000000000003,0.0306,2.1324,0,0.003,37.0488,-121.7629,708.614
P216,2020-01-03,2.2655,0.0365,2.229,0,0.0025,37.0024,-121.7262,336.911
P217,2020-01-03,2.3506,0.0493,2.3013,0,0.0033,37.1045,-121.6506,72.283
P218,2020-01-03,2.3458,0.0471,2.2987,0,0.0022,37.2035,-121.714,82.7
P219,2020-01-03,2.2711,0.035,2.2361,0,0.0024,37.3425,-122.28480000000002,300.867
P220,2020-01-03,2.1524,0.021,2.1314,0,0.0021,37.3299,-122.21429999999998,705.26
P222,2020-01-03,2.3504,0.0449,2.3055,0,0.0024,37.5392,-122.0833,53.509
P223,2020-01-03,2.3242,0.0412999999999999,2.2829,0,0.0024,37.7221,-122.09979999999996,139.952
P224,2020-01-03,2.2404,0.0293,2.2111,0,0.0024,37.8639,-122.21910000000004,407.352
P225,2020-01-03,2.3337,0.0443,2.2894,0,0.0034,37.7139,-122.05830000000005,117.193
P226,2020-01-03,2.3713,0.0515,2.3198000000000003,0,0.0021,37.3368,-121.8256,5.058
P227,2020-01-03,2.1577,0.0222,2.1355,0,0.0022,37.533,-121.7896,707.418
P228,2020-01-03,2.247,0.0303,2.2167,0,0.0021,37.6018,-121.68690000000004,399.024
P229,2020-01-03,2.2782,0.034,2.2442,0,0.0022,37.7494,-121.978,289.333
P230,2020-01-03,2.1772,0.025,2.1522,0,0.0023,37.819,-121.78639999999996,648.016
P231,2020-01-03,2.3813000000000004,0.0587,2.3226000000000004,0,0.0022,36.6217,-121.9054,-26.351
P232,2020-01-03,2.3339000000000003,0.0443,2.2896,0,0.0023,36.724,-121.579,105.344
P233,2020-01-03,2.3157,0.049,2.2667,0,0.0021,36.8004,-121.4203,196.821
P234,2020-01-03,2.3445,0.0503,2.2942,0,0.0022,36.8585,-121.59119999999996,92.575
P235,2020-01-03,2.2639,0.0417,2.2222000000000004,0,0.0022,36.8143,-121.54150000000004,361.692
P236,2020-01-03,2.3579000000000003,0.0532,2.3047000000000004,0,0.0021,36.9035,-121.55449999999996,56.143
P237,2020-01-03,2.1576,0.027,2.1306,0,0.0024,36.637,-121.3868,711.549
P238,2020-01-03,2.3627,0.0548,2.3079,0,0.0022,36.8491,-121.45280000000002,44.897
P239,2020-01-03,2.3688,0.0533,2.3155,0,0.0021,36.9625,-121.5478,18.502
P240,2020-01-03,2.3659000000000003,0.052,2.3139000000000003,0,0.0023,37.0078,-121.54200000000004,25.736
P241,2020-01-03,2.1211,0.0181,2.103,0,0.0021,37.213,-121.5743,834.222
P242,2020-01-03,2.3747,0.0577,2.317,0,0.0027,36.9539,-121.46320000000004,14.783
P243,2020-01-03,2.3097,0.048,2.2617,0,0.0021,36.9182,-121.3352,220.749
P244,2020-01-03,2.3583000000000003,0.0521,2.3062000000000005,0,0.0024,37.0108,-121.35450000000004,58.694
P245,2020-01-03,1.9536,0.031,1.9226,0,0.0025,37.7131,-119.7061,1579.822
P247,2020-01-03,2.2041,0.0367,2.1674,0,0.0023,36.5595,-121.1884,569.072
P248,2020-01-03,2.2948000000000004,0.0327999999999999,2.262,0,0.0021,37.9756,-121.8687,229.816
P249,2020-01-03,2.039,0.0181,2.0209,0,0.0021,36.6116,-121.06439999999998,1155.715
P250,2020-01-03,2.1963000000000004,0.0296,2.1667000000000005,0,0.0023,36.95,-121.26840000000004,584.661
P251,2020-01-03,2.3372,0.0516,2.2856,0,0.0021,36.8114,-121.34789999999998,128.211
P252,2020-01-03,2.3668,0.0526,2.3142000000000005,0,0.0026,37.1696,-121.0577,40.154
P253,2020-01-03,2.0622,0.0159,2.0463,0,0.0025,37.4784,-121.65300000000002,1065.036
P254,2020-01-03,2.0637,0.019,2.0447,0,0.0022,37.4896,-121.4692,1076.179
P255,2020-01-03,2.342,0.036,2.306,0,0.0024,37.5819,-121.3249,73.512
P256,2020-01-03,2.3749,0.0405,2.3344,0,0.0021,37.932,-121.6048,-30.683
P257,2020-01-03,2.3728,0.0399,2.3329,0,0.0021,37.7553,-121.464,-24.698
P258,2020-01-03,2.2491,0.0289,2.2202,0,0.0022,37.3854,-121.2833,390.791
P259,2020-01-03,2.3678000000000003,0.0424,2.3254,0,0.0022,37.433,-121.1006,3.884
P261,2020-01-03,2.3314000000000004,0.0424,2.289,0,0.0022,38.153,-122.21749999999996,118.175
P262,2020-01-03,2.369,0.0443,2.3247,0,0.0026,38.0251,-122.09609999999998,-8.589
P263,2020-01-03,2.207,0.0348,2.1722,0,0.0026,38.5777,-122.42920000000004,554.394
P264,2020-01-03,2.2956,0.0363,2.2593,0,0.0025,38.4442,-122.19529999999996,231.059
P265,2020-01-03,2.3597,0.0382,2.3215,0,0.0025,38.5302,-121.9542,8.082
P266,2020-01-03,2.3593,0.0407999999999999,2.3185,0,0.0026,38.184,-121.8435,22.449
P267,2020-01-03,2.364,0.0346,2.3294,0,0.0022,38.3803,-121.82320000000004,-17.459
P268,2020-01-03,2.368,0.036,2.332,0,0.002,38.4735,-121.64639999999996,-23.906
P269,2020-01-03,2.2833,0.0428,2.2405,0,0.0027,38.9995,-122.3546,298.215
P270,2020-01-03,2.3719,0.0458999999999999,2.326,0,0.0022,39.2438,-122.0552,-12.299
P271,2020-01-03,2.3678000000000003,0.0378999999999999,2.3299000000000003,0,0.0021,38.6574,-121.7145,-18.18
P272,2020-01-03,2.3702,0.0437,2.3265,0,0.0023,39.1455,-121.94309999999996,-12.049
P273,2020-01-03,2.3727,0.0384,2.3343,0,0.0023,38.1158,-121.3881,-26.358
P274,2020-01-03,2.3648,0.0306,2.3342000000000005,0,0.0022,38.2831,-121.46050000000002,-27.772
P275,2020-01-03,2.374,0.0457,2.3283,0,0.0023,38.3215,-121.21460000000002,-5.221
P276,2020-01-03,2.3159,0.0462,2.2697000000000003,0,0.0021,38.6453,-121.09519999999998,207.285
P277,2020-01-03,2.3265,0.0423,2.2842,0,0.0022,37.1924,-122.3669,115.293
P278,2020-01-03,2.2359,0.0484,2.1875,0,0.0021,35.7113,-121.06079999999996,465.881
P279,2020-01-03,2.2318,0.0454,2.1864000000000003,0,0.0022,35.7906,-121.062,469.916
P280,2020-01-03,2.2436,0.0581,2.1855,0,0.0023,35.5441,-120.3476,476.429
P281,2020-01-03,2.2656,0.0557,2.2099,0,0.0023,35.8411,-120.3895,383.847
P282,2020-01-03,2.255,0.0479,2.2071,0,0.0024,35.8378,-120.34519999999998,394.688
P283,2020-01-03,2.2478,0.051,2.1968,0,0.0027,35.8067,-120.2853,434.187
P284,2020-01-03,2.2165,0.0409,2.1756,0,0.0023,35.9333,-120.90679999999998,512.233
P285,2020-01-03,2.1349,0.0288,2.1061,0,0.0021,36.4172,-120.98149999999998,805.73
P286,2020-01-03,2.2161,0.04,2.1761,0,0.0023,36.5159,-120.85310000000004,538.829
P287,2020-01-03,2.1942,0.0429,2.1513,0,0.0022,36.0248,-120.69780000000004,609.749
P288,2020-01-03,2.2482,0.0405,2.2077,0,0.0023,36.1402,-120.8789,397.699
P289,2020-01-03,2.2067,0.0364,2.1703,0,0.0021,36.1068,-120.74879999999996,540.65
P290,2020-01-03,2.0854,0.0272,2.0582000000000003,0,0.0021,36.1789,-120.7283,987.747
P291,2020-01-03,2.185,0.0472999999999999,2.1377,0,0.0023,35.9228,-120.64480000000005,661.355
P292,2020-01-03,2.0848000000000004,0.0365,2.0483,0,0.0029,36.0075,-120.4753,1018.612
P293,2020-01-03,2.2226,0.0516,2.1710000000000003,0,0.0022,36.0894,-120.543,538.84
P294,2020-01-03,2.2325,0.053,2.1795,0,0.0023,36.1232,-120.43989999999997,509.4
P295,2020-01-03,2.2032,0.0458999999999999,2.1573,0,0.0021,35.6971,-120.8424,583.504
P296,2020-01-03,2.3024,0.06,2.2424,0,0.0022,36.0517,-120.36360000000002,265.31
P297,2020-01-03,2.1974,0.0514,2.146,0,0.0024,35.9741,-120.5519,629.301
P298,2020-01-03,2.2852,0.0587,2.2265,0,0.0023,36.0158,-120.29409999999996,323.218
P299,2020-01-03,2.1322,0.0282,2.104,0,0.0023,36.2568,-120.7102,809.371
P300,2020-01-03,2.3417,0.0602,2.2815,0,0.0023,36.3044,-120.277,137.299
P301,2020-01-03,2.3539000000000003,0.0547,2.2992000000000004,0,0.0024,36.8063,-120.74310000000004,89.234
P302,2020-01-03,2.3468000000000004,0.0579,2.2889,0,0.0022,36.6347,-120.6186,122.677
P303,2020-01-03,2.3854,0.0591,2.3263000000000003,0,0.0023,37.0544,-120.70529999999997,-1.751
P304,2020-01-03,2.3836,0.0638,2.3198,0,0.0022,36.739,-120.35659999999996,17.231
P305,2020-01-03,2.3747,0.0729,2.3018,0,0.0024,37.3522,-120.1968,96.063
P306,2020-01-03,2.3678000000000003,0.0628,2.305,0,0.0025,37.7952,-120.6445,82.521
P307,2020-01-03,2.3841,0.0703,2.3138,0,0.0025,36.9473,-120.05790000000002,49.507
P308,2020-01-03,1.9743,0.0351,1.9392,0,0.0024,37.9012,-119.84019999999998,1501.863
P309,2020-01-03,2.3636,0.0475,2.3161,0,0.0022,38.09,-120.95119999999996,41.424
P310,2020-01-03,1.9039,0.032,1.8719,0,0.0028,38.7356,-120.33429999999998,1791.328
P311,2020-01-03,1.4931,0.0203,1.4728,0,0.0022,37.1776,-118.51980000000005,3698.635
P333,2020-01-03,1.8377,0.0154,1.8223,0,0.0023,39.6214,-122.9758,2008.829
P334,2020-01-03,1.8552,0.0172,1.838,0,0.0019,39.4936,-122.73590000000002,1936.225
P335,2020-01-03,1.7867000000000002,0.0137,1.773,0,0.002,39.7262,-122.8736,2229.504
P337,2020-01-03,2.0402,0.0266,2.0136000000000003,0,0.0018,40.2962,-122.86879999999996,1193.312
P338,2020-01-03,2.186,0.0411,2.1449000000000003,0,0.0024,40.7476,-122.923,672.228
P339,2020-01-03,2.0942,0.0294,2.0648,0,0.0021,40.0341,-122.6682,979.562
P344,2020-01-03,2.3605,0.0529,2.3076,0,0.0021,39.9291,-122.02800000000002,49.78
P345,2020-01-03,2.336,0.0519,2.2841,0,0.0024,40.2712,-122.2708,134.094
P346,2020-01-03,1.837,0.0216,1.8154,0,0.0024,39.7947,-120.8675,2037.333
P347,2020-01-03,2.0397000000000003,0.0471,1.9926,0,0.0023,41.1833,-120.94849999999995,1268.823
P348,2020-01-03,1.9266,0.0275,1.8991,0,0.0022,40.9055,-121.82799999999996,1668.079
P349,2020-01-03,2.3018,0.0557,2.2461,0,0.0025,40.7311,-122.31939999999996,275.41
P350,2020-01-03,1.7644000000000002,0.0401,1.7243000000000002,0,0.0023,43.5328,-114.8628,2388.347
P351,2020-01-03,1.6959000000000002,0.0384,1.6575,0,0.002,43.8744,-114.7192,2692.598
P352,2020-01-03,1.7397,0.0361,1.7036000000000002,0,0.0022,43.8491,-114.09609999999998,2474.656
P353,2020-01-03,1.8405,0.0438,1.7967000000000002,0,0.0021,44.0545,-113.97879999999998,2040.999
P354,2020-01-03,1.8557,0.05,1.8057,0,0.0021,44.1085,-113.9789,2000.3
P355,2020-01-03,1.7659,0.0326,1.7333000000000005,0,0.0022,44.2179,-113.7221,2329.219
P357,2020-01-03,1.777,0.0365,1.7405,0,0.0022,44.2271,-113.58190000000002,2295.332
P358,2020-01-03,1.744,0.0309,1.7130999999999998,0,0.002,44.4019,-113.2407,2419.388
P370,2020-01-03,2.2335000000000003,0.0616,2.1719,0,0.0024,42.191,-122.65639999999996,555.054
P377,2020-01-03,2.3878000000000004,0.111,2.2768,0,0.0026,44.0521,-122.88710000000005,142.39
P378,2020-01-03,2.4071,0.116,2.2911,0,0.0022,44.535,-122.9309,83.103
P380,2020-01-03,2.0049,0.0429,1.962,0,0.002,42.2597,-121.7797,1390.845
P381,2020-01-03,1.9703,0.0518,1.9185,0,0.0021,43.0018,-119.9518,1567.454
P382,2020-01-03,1.9926,0.047,1.9456,0,0.0033,43.1771,-121.76959999999995,1453.224
P383,2020-01-03,2.0392,0.0584,1.9808,0,0.0023,44.3422,-122.2172,1295.599
P384,2020-01-03,2.0686,0.0619,2.0067,0,0.0022,44.8411,-122.4828,1182.562
P385,2020-01-03,2.0792,0.0559,2.0233,0,0.002,44.4348,-121.94579999999996,1120.799
P386,2020-01-03,2.1168,0.0888,2.0280000000000005,0,0.0019,44.4028,-118.9678,1103.493
P387,2020-01-03,2.1099,0.0472,2.0627000000000004,0,0.0023,44.2968,-121.5745,962.596
P388,2020-01-03,1.9995,0.0417,1.9578,0,0.0023,42.4688,-120.37760000000004,1405.765
P389,2020-01-03,2.0107,0.0535,1.9572,0,0.0025,43.812,-120.60339999999997,1397.44
P390,2020-01-03,1.9884,0.0673,1.9211000000000005,0,0.0021,43.034,-118.9285,1554.846
P391,2020-01-03,1.9159,0.0588,1.8571,0,0.002,42.2546,-118.41250000000002,1834.232
P392,2020-01-03,2.0515,0.0744,1.9771,0,0.0021,43.4468,-119.00099999999998,1315.519
P393,2020-01-03,2.072,0.0762,1.9958,0,0.002,43.2345,-117.892,1238.305
P394,2020-01-03,2.1368,0.0876,2.0492000000000004,0,0.0021,44.8349,-117.7996,1010.692
P462,2020-01-03,2.0224,0.0509,1.9715,0,0.0024,36.0713,-116.62869999999998,1334.413
P463,2020-01-03,2.0255,0.0518,1.9737,0,0.0024,36.0225,-117.16470000000004,1326.994
P464,2020-01-03,2.1333,0.0579,2.0754,0,0.0025,36.159,-117.40999999999995,911.546
P465,2020-01-03,1.6524,0.0228,1.6296000000000002,0,0.0025,36.4668,-118.13239999999996,2901.552
P466,2020-01-03,1.6871,0.0298,1.6573,0,0.0022,36.5312,-117.78949999999998,2754.58
P467,2020-01-03,2.0103,0.0434,1.9669,0,0.003,36.5702,-118.0906,1380.125
P468,2020-01-03,1.6677000000000002,0.0293,1.6384,0,0.0022,36.9757,-118.1184,2853.303
P469,2020-01-03,1.9124,0.0456,1.8668,0,0.0025,37.2314,-117.93579999999996,1794.822
P470,2020-01-03,2.107,0.0533,2.0537,0,0.0023,34.4624,-117.39390000000004,991.396
P471,2020-01-03,2.3349,0.0698,2.2651,0,0.0023,33.5621,-117.54089999999997,174.757
P472,2020-01-03,2.3452,0.0726,2.2726,0,0.0023,32.8892,-117.10469999999998,137.869
P474,2020-01-03,2.3419000000000003,0.0795,2.2624,0,0.0022,33.3552,-117.2487,182.927
P475,2020-01-03,2.3888000000000003,0.0732,2.3156000000000003,0,0.0023,32.6664,-117.2439,-25.037
P476,2020-01-03,2.3043,0.0757999999999999,2.2285,0,0.0022,33.4396,-117.18970000000002,309.813
P477,2020-01-03,2.2926,0.0708,2.2218,0,0.0023,33.5028,-117.1134,334.519
P478,2020-01-03,2.2867,0.075,2.2117,0,0.0023,33.2357,-117.0716,371.6
P479,2020-01-03,2.0797,0.0517,2.028,0,0.0022,33.4933,-116.78290000000004,1093.843
P480,2020-01-03,2.2532,0.0613,2.1918999999999995,0,0.0024,32.976,-116.3485,436.04
P481,2020-01-03,2.1991,0.0538,2.1453,0,0.0024,32.8222,-116.01080000000002,610.875
P482,2020-01-03,2.1328,0.0522,2.0806000000000004,0,0.0023,33.2402,-116.6714,878.73
P483,2020-01-03,2.0033,0.0448,1.9585,0,0.0023,33.0592,-116.5693,1375.571
P484,2020-01-03,2.0002,0.0424,1.9578,0,0.0023,33.3756,-116.62080000000005,1382.475
P485,2020-01-03,2.2693000000000003,0.0597,2.2096000000000005,0,0.0027,33.2102,-116.409,372.162
P486,2020-01-03,2.3373000000000004,0.0626,2.2747,0,0.0023,33.2602,-116.32230000000004,126.304
P487,2020-01-03,2.3438000000000003,0.06,2.2838000000000003,0,0.0022,33.2135,-116.18309999999995,90.225
P488,2020-01-03,2.3524000000000003,0.0612,2.2912000000000003,0,0.0023,33.201,-116.0788,61.699
P489,2020-01-03,2.2871,0.0567,2.2304,0,0.0023,33.2962,-116.1116,290.3
P490,2020-01-03,1.7121,0.0324,1.6796999999999995,0,0.0025,33.5235,-116.4259,2622.435
P491,2020-01-03,2.3643,0.0562999999999999,2.308,0,0.0024,33.5747,-116.22680000000004,4.237
P492,2020-01-03,2.3502,0.0622,2.2880000000000003,0,0.0023,32.887,-115.9694,68.804
P493,2020-01-03,2.312,0.0588,2.2532,0,0.0023,32.9547,-115.8249,197.471
P494,2020-01-03,2.3814,0.0637,2.3177000000000003,0,0.0024,32.7597,-115.7321,-44.293
P495,2020-01-03,2.3949000000000003,0.0659,2.329,0,0.0023,33.045,-115.6284,-84.001
P496,2020-01-03,2.3815,0.0653,2.3162,0,0.0025,32.7506,-115.596,-40.148
P497,2020-01-03,2.3838000000000004,0.0645999999999999,2.3192000000000004,0,0.0023,32.8347,-115.577,-51.058
P498,2020-01-03,2.387,0.0657,2.3213000000000004,0,0.0023,32.8984,-115.56960000000004,-58.05
P499,2020-01-03,2.3881,0.0624,2.3257,0,0.0024,32.9796,-115.48789999999995,-74.199
P500,2020-01-03,2.3789,0.069,2.3099000000000003,0,0.0023,32.69,-115.29989999999998,-20.595
P501,2020-01-03,2.3871,0.067,2.3201,0,0.0023,32.8758,-115.3979,-55.667
P502,2020-01-03,2.3896,0.0664,2.3232,0,0.0023,32.9825,-115.4219,-66.059
P503,2020-01-03,2.3665000000000003,0.062,2.3045,0,0.0022,32.9489,-115.72019999999998,6.09
P504,2020-01-03,2.3431,0.0584,2.2847,0,0.0023,33.5164,-115.7658,84.009
P505,2020-01-03,2.3835,0.0607,2.3228000000000004,0,0.0023,33.4239,-115.687,-57.782
P506,2020-01-03,2.3905,0.0621,2.3284,0,0.0025,33.0814,-115.5102,-83.401
P507,2020-01-03,2.39,0.0623,2.3277,0,0.0024,33.2,-115.61239999999998,-78.375
P508,2020-01-03,2.3648,0.0619,2.3029,0,0.0023,33.2478,-115.4287,10.669
P510,2020-01-03,2.3712,0.0663,2.3048999999999995,0,0.0023,33.1436,-115.3433,1.505
P511,2020-01-03,2.2922,0.0595,2.2327,0,0.0025,33.8869,-115.29610000000002,273.359
P512,2020-01-03,2.0134000000000003,0.0336,1.9798,0,0.0022,37.5626,-119.69439999999996,1344.627
P513,2020-01-03,2.2865,0.0512,2.2353,0,0.0022,34.9073,-120.65020000000004,284.578
P514,2020-01-03,2.3276,0.054,2.2736,0,0.0023,35.0107,-120.4097,140.916
P515,2020-01-03,2.2827,0.0491,2.2336,0,0.0023,34.8706,-120.2398,290.618
P516,2020-01-03,2.2975,0.0562999999999999,2.2412,0,0.0022,35.1062,-120.3834,262.969
P517,2020-01-03,1.8599,0.0314,1.8285,0,0.0023,34.3764,-118.17759999999998,1959.297
P518,2020-01-03,2.0603,0.0332999999999999,2.027,0,0.0022,35.02,-120.07529999999996,1101.777
P519,2020-01-03,2.1424000000000003,0.0424,2.1,0,0.0022,34.5078,-119.7924,810.902
P520,2020-01-03,2.0257,0.0327999999999999,1.9929,0,0.0022,34.6305,-119.6164,1250.858
P521,2020-01-03,1.9143,0.0304,1.8839,0,0.0021,34.8886,-119.8154,1709.062
P522,2020-01-03,2.1024000000000003,0.0441,2.0583,0,0.0021,35.0866,-119.53610000000003,991.075
P523,2020-01-03,2.3654,0.0648,2.3006,0,0.0022,35.3044,-120.8603,41.363
P525,2020-01-03,2.2961,0.0572,2.2389,0,0.0022,35.4258,-120.80809999999995,271.365
P526,2020-01-03,2.2545,0.054,2.2005,0,0.0022,35.636,-120.86969999999997,416.846
P527,2020-01-03,2.2848,0.0658,2.219,0,0.0023,35.7541,-120.6048,347.954
P528,2020-01-03,2.2731,0.0594,2.2137,0,0.0023,35.3278,-120.54539999999996,367.361
P529,2020-01-03,2.2572,0.0616,2.1956,0,0.0022,35.4405,-120.35379999999998,437.306
P530,2020-01-03,2.2676,0.0592,2.2084,0,0.0022,35.6248,-120.48040000000005,388.367
P531,2020-01-03,2.2554000000000003,0.0605,2.1949,0,0.0025,35.7927,-120.53660000000002,440.115
P532,2020-01-03,2.2231,0.0523,2.1708,0,0.0022,35.6338,-120.267,533.242
P533,2020-01-03,2.1994,0.0465,2.1529000000000003,0,0.0023,35.7479,-120.37099999999998,603.185
P534,2020-01-03,2.2932,0.0325,2.2607,0,0.0022,37.0612,-122.2376,204.257
P535,2020-01-03,2.2166,0.056,2.1606,0,0.0027,35.2351,-120.1014,571.534
P536,2020-01-03,2.1911,0.0545,2.1366,0,0.0024,35.2798,-120.02499999999998,665.354
P537,2020-01-03,2.2108000000000003,0.052,2.1588000000000003,0,0.0025,35.3168,-119.93529999999998,581.801
P538,2020-01-03,2.1909,0.0477999999999999,2.1431,0,0.0023,35.5342,-120.1125,641.159
P539,2020-01-03,2.2088,0.0552,2.1536000000000004,0,0.0021,35.7027,-120.18200000000002,601.091
P540,2020-01-03,2.267,0.0594,2.2076,0,0.0023,35.8013,-120.13059999999996,393.658
P541,2020-01-03,2.3248,0.0684,2.2564,0,0.0023,35.6867,-120.0007,209.193
P542,2020-01-03,2.2027,0.046,2.1567,0,0.0022,35.6889,-120.2926,587.956
P543,2020-01-03,2.2299,0.0591,2.1708000000000003,0,0.0025,35.319,-119.71320000000004,544.017
P544,2020-01-03,2.3882,0.0812,2.307,0,0.0024,35.7313,-119.738,33.647
P545,2020-01-03,2.3877,0.0839,2.3038,0,0.0022,35.4998,-119.5358,50.751
P546,2020-01-03,2.1935,0.0484,2.1451,0,0.0022,35.9279,-120.1549,635.265
P547,2020-01-03,2.3787,0.0766,2.3021,0,0.0022,35.9347,-119.9094,45.882
P548,2020-01-03,2.052,0.0308,2.0212,0,0.0023,34.4668,-119.5039,1134.829
P550,2020-01-03,1.9621,0.0326,1.9295,0,0.0022,34.6601,-119.1146,1526.106
P551,2020-01-03,1.9578,0.0334,1.9244,0,0.0045,34.8562,-119.15459999999996,1550.287
P552,2020-01-03,2.2053000000000003,0.0469,2.1584000000000003,0,0.0023,35.6867,-120.245,581.644
P554,2020-01-03,2.0609,0.045,2.0159,0,0.0023,34.7923,-118.848,1170.136
P555,2020-01-03,2.0785,0.0448,2.0337,0,0.0023,34.695,-118.6694,1095.971
P556,2020-01-03,2.1515,0.057,2.0945,0,0.0023,34.7711,-118.5455,852.627
P557,2020-01-03,1.8964,0.033,1.8634,0,0.0025,34.9444,-118.6556,1818.211
P558,2020-01-03,2.0009,0.0418,1.9591000000000005,0,0.0022,35.1386,-118.61170000000004,1411.448
P560,2020-01-03,2.1572,0.0589,2.0983,0,0.0023,34.8218,-118.54089999999997,838.326
P561,2020-01-03,2.1064000000000003,0.0432,2.0632,0,0.0049,34.6185,-118.39909999999998,974.383
P563,2020-01-03,2.3852,0.0824,2.3028,0,0.0023,35.4187,-119.4212,56.658
P564,2020-01-03,2.3895,0.0866,2.3029,0,0.0023,35.6229,-119.3494,61.095
P565,2020-01-03,2.3947,0.0912,2.3035,0,0.0022,35.7439,-119.23670000000004,63.107
P566,2020-01-03,2.3968000000000003,0.0938,2.303,0,0.0022,36.3245,-119.22929999999997,78.227
P567,2020-01-03,2.2042,0.07,2.1342,0,0.0023,35.4209,-118.7536,706.334
P568,2020-01-03,2.0289,0.0443,1.9846,0,0.0024,35.2543,-118.12649999999996,1301.221
P569,2020-01-03,2.0358,0.0447,1.9911,0,0.0023,35.378,-118.12379999999996,1275.716
P570,2020-01-03,2.1739,0.0663,2.1076,0,0.0022,35.6673,-118.26,810.857
P572,2020-01-03,2.0722,0.0495,2.0227,0,0.0022,36.5855,-118.95460000000004,1167.29
P573,2020-01-03,1.754,0.0265,1.7275,0,0.0023,36.0931,-118.26049999999998,2441.366
P574,2020-01-03,1.6581,0.0291,1.629,0,0.0026,34.2868,-117.63390000000004,2873.775
P575,2020-01-03,1.8721,0.0402999999999999,1.8318,0,0.0023,34.2155,-117.54219999999998,1928.387
P576,2020-01-03,2.2817,0.057,2.2247,0,0.0029,35.6697,-120.97000000000004,324.442
P577,2020-01-03,2.1048,0.0534,2.0514,0,0.0024,34.3046,-117.3189,999.548
P578,2020-01-03,2.2185,0.0482999999999999,2.1702,0,0.0023,35.6943,-120.23900000000005,536.247
P579,2020-01-03,2.153,0.0547,2.0983,0,0.0022,35.0388,-118.00580000000002,834.231
P580,2020-01-03,1.9381,0.0451,1.893,0,0.0023,35.6209,-117.1922,1669.634
P581,2020-01-03,2.1077,0.0475,2.0602,0,0.0022,34.5097,-117.72900000000004,972.783
P582,2020-01-03,2.1456,0.0554,2.0902,0,0.0025,34.6343,-117.5489,848.02
P583,2020-01-03,2.182,0.0615,2.1205,0,0.0023,34.987,-117.54340000000002,730.753
P584,2020-01-03,2.1701,0.0538,2.1163,0,0.0023,33.8926,-116.95159999999998,738.738
P585,2020-01-03,2.1068,0.046,2.0608000000000004,0,0.0023,34.0193,-116.5457,958.143
P586,2020-01-03,2.1538000000000004,0.0543,2.0995,0,0.003,34.5348,-117.28049999999996,809.383
P587,2020-01-03,1.9483,0.0382,1.9101,0,0.0022,34.3322,-118.0313,1600.745
P588,2020-01-03,2.1856,0.0604,2.1252,0,0.0024,34.7854,-117.26760000000002,709.795
P589,2020-01-03,2.0671,0.0513,2.0158,0,0.0025,34.6207,-117.11019999999996,1148.103
P590,2020-01-03,2.194,0.0604,2.1336,0,0.0023,35.1168,-117.3648,678.53
P591,2020-01-03,2.1916,0.0611,2.1305,0,0.0024,35.1524,-118.0165,708.839
P592,2020-01-03,2.0917,0.0509,2.0408,0,0.0022,35.2386,-117.3032,1049.318
P593,2020-01-03,2.0114,0.0495,1.9619,0,0.0022,35.3879,-117.20510000000002,1375.772
P594,2020-01-03,2.1277,0.0586,2.0691,0,0.0024,35.8967,-117.39009999999996,937.452
P595,2020-01-03,2.2048,0.0618,2.143,0,0.0022,35.6976,-117.4028,644.437
P596,2020-01-03,2.2602,0.0621,2.1981,0,0.0025,35.9982,-116.8895,430.508
P597,2020-01-03,2.0579,0.0522,2.0057,0,0.0023,35.7106,-116.8884,1194.18
P598,2020-01-03,1.6854000000000002,0.0309,1.6545,0,0.0026,34.1925,-116.71029999999996,2746.458
P599,2020-01-03,2.0161,0.0439,1.9722,0,0.0023,34.2172,-116.53750000000002,1323.846
P600,2020-01-03,2.1468000000000003,0.0451,2.1017,0,0.0026,33.8658,-116.2119,792.076
P601,2020-01-03,2.0380000000000003,0.0477999999999999,1.9902,0,0.0023,33.9593,-116.0802,1242.641
P602,2020-01-03,2.1891,0.0477,2.1414,0,0.0023,35.7292,-120.22789999999998,648.188
P603,2020-01-03,2.2043000000000004,0.0581,2.1462000000000003,0,0.0024,34.7169,-116.02949999999998,624.707
P604,2020-01-03,2.2182,0.0617,2.1565,0,0.0024,34.9368,-116.67150000000004,588.404
P605,2020-01-03,1.7578,0.0317,1.7261,0,0.0039,34.3411,-117.93669999999996,2419.707
P606,2020-01-03,2.141,0.0552,2.0858000000000003,0,0.0023,34.4621,-116.87959999999998,863.355
P607,2020-01-03,2.1049,0.0461,2.0588,0,0.0028,33.741,-115.8207,958.728
P608,2020-01-03,2.1956,0.0547,2.1409,0,0.0025,33.9941,-115.6866,632.305
P609,2020-01-03,1.6862,0.0267,1.6595,0,0.0033,34.0627,-116.89279999999997,2721.222
P610,2020-01-03,2.2818,0.064,2.2178000000000004,0,0.0029,34.4257,-115.76369999999996,343.855
P611,2020-01-03,2.015,0.0442,1.9708,0,0.0027,35.2048,-115.64980000000004,1333.036
P612,2020-01-03,2.2188000000000003,0.0494,2.1694,0,0.0026,34.1874,-117.3155,531.706
P613,2020-01-03,1.7715999999999998,0.0341,1.7375,0,0.0028,34.1962,-117.05,2355.136
P614,2020-01-03,2.2493000000000003,0.0704,2.1789,0,0.0034,34.7318,-115.25030000000004,490.993
P615,2020-01-03,2.1062,0.052,2.0542,0,0.0022,35.2046,-116.7629,995.157
P616,2020-01-03,2.0917,0.0521,2.0396,0,0.0022,35.4246,-117.8933,1071.19
P617,2020-01-03,2.1351,0.0542,2.0809,0,0.0023,35.3206,-116.5716,887.7
P618,2020-01-03,2.301,0.0597,2.2413000000000003,0,0.0027,35.1419,-116.1039,263.387
P619,2020-01-03,2.2695,0.0611,2.2084,0,0.0023,35.5259,-116.1218,388.921
P620,2020-01-03,2.1946,0.0587,2.1359000000000004,0,0.0024,35.7854,-116.1449,668.72
P621,2020-01-03,1.9964,0.0465,1.9499,0,0.0023,35.4728,-115.5439,1420.509
P622,2020-01-03,1.9686,0.0438,1.9248,0,0.0023,35.163,-115.3659,1524.481
P623,2020-01-03,2.2823,0.0476,2.2347,0,0.0024,34.1889,-114.5994,267.776
P625,2020-01-03,2.2008,0.0521,2.1487000000000003,0,0.0023,34.8444,-114.9651,606.779
P626,2020-01-03,1.9873,0.0433,1.944,0,0.0023,35.2911,-115.23829999999998,1442.779
P627,2020-01-03,1.7901,0.0467,1.7433999999999998,0,0.0023,37.9731,-118.37850000000005,2342.155
P628,2020-01-03,1.6465999999999998,0.023,1.6236,0,0.0025,37.9342,-119.24940000000004,2924.399
P629,2020-01-03,1.6897,0.0211,1.6686,0,0.0022,37.3759,-119.1794,2725.662
P630,2020-01-03,1.6922,0.0288,1.6634000000000002,0,0.0027,37.613,-119.0004,2740.587
P631,2020-01-03,1.7121,0.032,1.6801,0,0.0026,37.6053,-118.91589999999997,2659.768
P632,2020-01-03,1.7683,0.0313,1.737,0,0.0032,37.7857,-119.0861,2389.79
P633,2020-01-03,1.7933,0.0366,1.7567000000000002,0,0.0021,37.9135,-119.03300000000002,2293.012
P635,2020-01-03,1.7449,0.0285,1.7164,0,0.0025,37.8393,-119.13800000000003,2484.19
P636,2020-01-03,1.6906,0.0293,1.6613,0,0.0021,37.9628,-119.1467,2739.04
P637,2020-01-03,1.8559,0.0412999999999999,1.8146,0,0.0023,37.9141,-119.08370000000002,2031.641
P638,2020-01-03,1.7477,0.0327999999999999,1.7149,0,0.0021,37.7343,-118.94349999999996,2491.869
P639,2020-01-03,1.7844000000000002,0.0362,1.7482,0,0.0022,37.6546,-118.8687,2339.242
P640,2020-01-03,1.8141,0.0372,1.7769,0,0.0026,37.8917,-118.9604,2200.907
P641,2020-01-03,1.7424000000000002,0.0365,1.7059000000000002,0,0.0022,37.8782,-118.8519,2527.168
P642,2020-01-03,1.7097,0.0315,1.6782,0,0.0023,37.5914,-118.81669999999995,2667.368
P643,2020-01-03,1.8296,0.0338,1.7958,0,0.0028,37.5616,-118.69820000000004,2121.977
P644,2020-01-03,1.5418,0.0236,1.5182,0,0.0021,37.4954,-118.68439999999998,3458.616
P645,2020-01-03,1.8592,0.0382,1.821,0,0.0022,37.5413,-118.5935,2007.7
P646,2020-01-03,1.8354,0.0354,1.8,0,0.0022,37.677,-118.82,2101.952
P647,2020-01-03,1.8062,0.0365,1.7697,0,0.0024,37.7544,-118.7677,2235.509
P648,2020-01-03,1.7275,0.03,1.6975,0,0.0022,37.8,-119.0192,2572.373
P649,2020-01-03,1.8277,0.0412999999999999,1.7864000000000002,0,0.0022,37.9035,-118.7362,2153.946
P650,2020-01-03,1.7956,0.0414,1.7541999999999998,0,0.0022,37.8913,-118.55489999999998,2298.182
P651,2020-01-03,2.0351,0.0546,1.9805,0,0.0023,37.5631,-118.387,1316.716
P652,2020-01-03,1.4625,0.0237,1.4388,0,0.0022,37.5892,-118.2385,3865.289
P653,2020-01-03,1.9078,0.0476,1.8602,0,0.0024,37.7375,-118.4717,1826.296
P654,2020-01-03,1.8506,0.0417,1.8089,0,0.0022,38.0579,-119.15020000000004,2053.453
P655,2020-01-03,1.9517,0.0237,1.928,0,0.0045,41.2945,-122.2063,1542.517
P656,2020-01-03,1.7516,0.0168,1.7348,0,0.0027,41.3448,-122.19579999999996,2398.614
P657,2020-01-03,1.9209,0.0262,1.8947,0,0.002,41.3812,-122.29380000000003,1684.433
P659,2020-01-03,1.898,0.0281,1.8699,0,0.0026,41.4537,-122.09270000000004,1791.088
P660,2020-01-03,1.9558,0.0385,1.9173,0,0.0033,41.4096,-122.0677,1587.183
P661,2020-01-03,2.0169,0.0373,1.9796,0,0.0024,41.4636,-122.3127,1324.183
P663,2020-01-03,1.7938,0.0243999999999999,1.7694,0,0.0033,41.5319,-122.1529,2238.004
P664,2020-01-03,1.7127,0.0136,1.6991000000000005,0,0.0029,40.4732,-121.4959,2569.128
P665,2020-01-03,1.7711,0.0198,1.7513,0,0.0021,40.4561,-121.5258,2326.799
P666,2020-01-03,1.7387,0.0187,1.72,0,0.0024,40.4653,-121.5145,2471.543
P667,2020-01-03,1.7677,0.018,1.7497,0,0.0029,40.4658,-121.4674,2334.06
P668,2020-01-03,1.8515,0.0238999999999999,1.8276,0,0.0029,40.509,-121.4631,1982.498
P670,2020-01-03,1.9128,0.028,1.8848,0,0.0035,40.5399,-121.5772,1731.748
P671,2020-01-03,1.8595,0.0266,1.8329,0,0.0036,40.4091,-121.4282,1958.792
P672,2020-01-03,1.9949,0.0425,1.9524,0,0.002,41.7116,-121.50689999999996,1435.114
P673,2020-01-03,1.8478,0.0297,1.8181,0,0.0028,41.5858,-121.613,2017.904
P674,2020-01-03,1.8734,0.0283,1.8451,0,0.002,41.6163,-121.49,1897.238
P677,2020-01-03,2.0348,0.0566,1.9782,0,0.0022,42.8789,-113.86829999999998,1284.827
P679,2020-01-03,1.859,0.0392,1.8198,0,0.002,44.0398,-113.30650000000004,1936.403
P724,2020-01-03,2.0083,0.0392999999999999,1.969,0,0.0022,37.4395,-118.5611,1371.614
P725,2020-01-03,2.308,0.0698,2.2382,0,0.0023,37.0889,-119.74559999999995,330.937
P726,2020-01-03,1.8137,0.0372,1.7765,0,0.0022,37.2805,-118.1467,2202.11
P727,2020-01-03,1.7029,0.0269,1.676,0,0.0022,37.2736,-118.46680000000003,2677.199
P729,2020-01-03,2.3725,0.067,2.3055,0,0.0026,34.2631,-119.09609999999998,36.146
P730,2020-01-03,1.8951,0.0332,1.8619,0,0.0029,41.3592,-120.82820000000004,1822.484
P731,2020-01-03,2.0081,0.046,1.9621,0,0.0021,41.3325,-120.4728,1391.294
P736,2020-01-03,2.0411,0.048,1.9931,0,0.0022,42.5798,-121.88009999999996,1259.567
P737,2020-01-03,2.0488000000000004,0.0515,1.9973000000000003,0,0.002,42.7271,-122.6096,1245.757
P738,2020-01-03,1.9373,0.0506,1.8867,0,0.0021,42.5461,-119.6587,1706.777
P739,2020-01-03,2.0397000000000003,0.0701,1.9696,0,0.0022,42.0202,-117.72540000000004,1351.876
P740,2020-01-03,1.9947,0.0343,1.9604,0,0.004,33.5982,-116.596,1372.065
P741,2020-01-03,2.0027,0.0423,1.9604,0,0.0027,33.5575,-116.531,1371.268
P742,2020-01-03,2.065,0.0494,2.0156,0,0.0023,33.4955,-116.6026,1142.661
P744,2020-01-03,2.3837,0.0642,2.3195,0,0.0023,32.8294,-115.5084,-52.802
P784,2020-01-03,2.1586,0.0512,2.1074,0,0.0021,41.8308,-122.4205,802.239
P787,2020-01-03,2.3355,0.0475,2.2880000000000003,0,0.0024,36.7995,-121.5808,113.626
P788,2020-01-03,2.1847,0.0319,2.1528,0,0.0027,36.7443,-121.47879999999998,626.627
P789,2020-01-03,2.231,0.0523,2.1787,0,0.0023,35.9466,-120.4717,503.36
P790,2020-01-03,2.2168,0.0512,2.1656000000000004,0,0.0032,35.9291,-120.5154,553.676
P794,2020-01-03,1.8215,0.0171,1.8044,0,0.0024,39.8457,-122.9638,2088.628
P795,2020-01-03,2.079,0.0512,2.0278,0,0.0023,34.5081,-116.1481,1095.309
P796,2020-01-03,2.3599,0.059,2.3009,0,0.0027,32.4979,-114.7593,10.17
P797,2020-01-03,1.9981,0.0453,1.9528,0,0.0027,33.5373,-116.59249999999996,1403.774
P799,2020-01-03,2.382,0.0747,2.3073,0,0.0023,33.9276,-118.30629999999996,24.836
P800,2020-01-03,2.392,0.077,2.315,0,0.0023,34.0217,-118.34910000000002,-2.29
P808,2020-01-03,2.1349,0.0555,2.0794,0,0.0023,34.836,-118.62149999999995,914.345
P809,2020-01-03,2.3963,0.0927,2.3036000000000003,0,0.0023,35.7439,-119.23680000000002,62.883
P810,2020-01-03,2.3952,0.0915,2.3037,0,0.0024,35.744,-119.23670000000004,62.484
P811,2020-01-03,2.1895,0.059,2.1305,0,0.0023,35.1524,-118.01660000000004,708.713
P812,2020-01-03,2.1905,0.0598,2.1307,0,0.0023,35.1525,-118.0165,708.356
PALG,2020-01-03,2.2413000000000003,0.0705,2.1708000000000003,0,0.0024,33.389,-117.03179999999998,528.808
PALX,2020-01-03,1.9547,0.0412,1.9135,0,0.0023,31.5591,-116.0638,1545.481
PBHR,2020-01-03,2.323,0.0529,2.2701,0,0.0027,35.709,-121.2724,152.231
PBPP,2020-01-03,2.127,0.0479,2.0791,0,0.0023,34.5082,-117.9226,901.945
PEA1,2020-01-03,2.1393000000000004,0.0315,2.1078,0,0.0022,36.1869,-120.7586,789.671
PEA2,2020-01-03,2.1715,0.0366,2.1349,0,0.0025,36.1805,-120.7668,682.45
PHJX,2020-01-03,2.344,0.068,2.276,0,0.0023,32.4901,-115.5505,105.428
PIN1,2020-01-03,2.033,0.0451,1.9879,0,0.0023,33.6122,-116.45820000000003,1256.131
PIN2,2020-01-03,2.0351,0.0477999999999999,1.9873,0,0.0023,33.6121,-116.4576,1258.399
PJZX,2020-01-03,2.0081,0.0437,1.9644,0,0.0023,32.417,-115.88369999999998,1335.714
PKDB,2020-01-03,2.2072,0.0511,2.1561,0,0.004,35.9452,-120.54160000000002,589.877
PKRD,2020-01-03,2.3499000000000003,0.0711,2.2788000000000004,0,0.0039,34.0716,-118.23289999999996,130.847
PLNA,2020-01-03,2.0982,0.0718,2.0264,0,0.0023,44.1321,-119.96680000000003,1110.22
PLPX,2020-01-03,2.1459,0.0549,2.091,0,0.0023,31.5886,-115.1513,813.483
PLSB,2020-01-03,2.365,0.0382,2.3268000000000004,0,0.0022,38.685,-121.76260000000002,-7.656
PLTX,2020-01-03,2.3042,0.0645,2.2397,0,0.0025,31.8163,-115.4309,236.484
PMAR,2020-01-03,1.7579,0.0169,1.741,0,0.0022,43.9907,-121.68669999999996,2347.795
PMOB,2020-01-03,1.9344,0.0419,1.8925,0,0.0031,33.3572,-116.85950000000004,1662.532
PMTN,2020-01-03,1.7699,0.036,1.7339000000000002,0,0.0024,37.8314,-119.05690000000004,2401.626
PNVL,2020-01-03,2.1523000000000003,0.0189,2.1334,0,0.0021,44.3121,-120.8446,683.694
POBG,2020-01-03,2.1121,0.0562999999999999,2.0558,0,0.0023,33.6871,-116.9237,982.232
POMM,2020-01-03,2.2057,0.0513,2.1544,0,0.0022,35.9199,-120.47839999999997,597.116
POTR,2020-01-03,2.1796,0.0643,2.1153,0,0.0023,32.6184,-116.59090000000003,730.269
PPBF,2020-01-03,2.2568,0.0601,2.1967000000000003,0,0.0024,33.8357,-117.1821,428.11
PSDM,2020-01-03,2.3043,0.0668,2.2375000000000003,0,0.0023,34.0918,-117.8071,278.367
PSPT,2020-01-03,2.1832,0.0701,2.1131,0,0.0023,42.7548,-122.48950000000002,773.304
PSTX,2020-01-03,2.1179,0.0489,2.069,0,0.0024,31.3131,-115.8354,902.113
PTEX,2020-01-03,2.2701,0.0564,2.2137,0,0.0024,32.2885,-116.52120000000002,340.591
PTRO,2020-01-03,2.361,0.0449,2.3161,0,0.0027,38.2095,-121.94420000000002,28.033
PVE3,2020-01-03,2.3649,0.0704,2.2945,0,0.0022,33.7433,-118.40430000000003,71.065
PVHS,2020-01-03,2.3035,0.0595,2.244,0,0.0023,33.7795,-118.37220000000002,259.591
PVRS,2020-01-03,2.3647,0.0670999999999999,2.2976,0,0.0032,33.7739,-118.3206,59.832
QCY2,2020-01-03,2.3385,0.0523,2.2862,0,0.0022,36.1611,-121.13729999999998,101.427
QHTP,2020-01-03,2.1452,0.0545,2.0907,0,0.0025,34.6287,-118.2448,863.06
QUEX,2020-01-03,2.3778,0.0696,2.3082000000000003,0,0.0027,32.5492,-115.15319999999996,-16.238
QUIN,2020-01-03,2.0798,0.0461,2.0337000000000005,0,0.0027,39.9746,-120.94439999999996,1105.769
RAAP,2020-01-03,2.2819000000000003,0.0774,2.2045,0,0.0023,33.0422,-116.91719999999998,395.022
RAMT,2020-01-03,2.0008,0.0445,1.9563,0,0.0022,35.3387,-117.68330000000005,1406.618
RAPT,2020-01-03,2.3855,0.0838,2.3017,0,0.0023,36.6649,-119.44870000000004,89.014
RAWE,2020-01-03,1.9338,0.0506,1.8832,0,0.0024,39.1884,-119.5358,1724.217
RBRU,2020-01-03,2.3843,0.0733,2.311,0,0.0024,36.7591,-119.82870000000004,55.974
RCA2,2020-01-03,2.0427,0.0334,2.0093,0,0.0023,34.5,-119.72000000000004,1179.204
RCSC,2020-01-03,2.3407,0.0716,2.2691,0,0.0028,33.4441,-117.5865,160.957
RDFD,2020-01-03,2.0045,0.0579,1.9466,0,0.0021,39.3899,-119.76459999999996,1452.658
RDMT,2020-01-03,1.9044,0.0387,1.8657,0,0.0024,34.6439,-116.62469999999996,1782.985
RDNG,2020-01-03,2.3237,0.0562,2.2675,0,0.0023,40.6253,-122.3739,195.002
RDOM,2020-01-03,1.7665,0.0353,1.7312,0,0.0027,37.6771,-118.8979,2417.375
REDM,2020-01-03,2.1337,0.0601,2.0736,0,0.0022,44.2598,-121.1479,919.866
REP3,2020-01-03,1.9819,0.045,1.9369,0,0.0023,36.8413,-116.4681,1478.127
REPO,2020-01-03,1.985,0.0484,1.9366,0,0.0022,36.8404,-116.4683,1479.438
RHCG,2020-01-03,2.2857,0.0635,2.2222,0,0.0023,34.0009,-118.0134,338.709
RHCL,2020-01-03,2.3388000000000004,0.0734,2.2654,0,0.0028,34.0191,-118.02620000000002,176.87
RJAB,2020-01-03,2.3625000000000003,0.0511,2.3114000000000003,0,0.0021,37.0185,-121.56079999999996,34.811
RKMG,2020-01-03,2.2779000000000003,0.0667,2.2112000000000003,0,0.0029,33.6741,-117.6094,377.605
RMVJ,2020-01-03,2.3469,0.0714,2.2755,0,0.0024,33.4858,-117.5553,136.394
RNCH,2020-01-03,2.1391,0.0463,2.0927999999999995,0,0.0026,35.9,-120.52480000000004,838.821
RNO1,2020-01-03,1.9811,0.0532,1.9279,0,0.0022,39.5379,-119.88580000000002,1530.668
ROCK,2020-01-03,2.2177,0.049,2.1687,0,0.0023,34.2357,-118.6764,553.387
ROCP,2020-01-03,2.1914,0.0245,2.1669,0,0.0024,37.8164,-122.0629,582.009
RSTP,2020-01-03,2.1879,0.0585,2.1294,0,0.0025,34.8751,-118.1929,712.746
RSVY,2020-01-03,2.0979,0.0388,2.0591,0,0.0026,34.5415,-119.18439999999998,987.401
RTHS,2020-01-03,2.2779000000000003,0.0557,2.2222000000000004,0,0.0023,34.0891,-117.3533,328.687
RUNG,2020-01-03,2.3355,0.0639,2.2716,0,0.0023,32.9723,-114.978,119.669
S300,2020-01-03,2.2185,0.026,2.1925,0,0.0023,37.6665,-121.55830000000005,495.785
SA63,2020-01-03,2.3513,0.0597,2.2916000000000003,0,0.0036,32.6889,-114.4957,45.595
SACR,2020-01-03,2.3732,0.0492,2.324,0,0.0026,38.655,-121.3542,7.025
SACY,2020-01-03,2.397,0.0809,2.3161,0,0.003,33.7432,-117.8956,-11.251
SAOB,2020-01-03,2.2685,0.0457,2.2228000000000003,0,0.0027,36.7653,-121.4472,359.811
SAWC,2020-01-03,1.7624000000000002,0.036,1.7264000000000002,0,0.003,37.6899,-118.95320000000004,2440.263
SBCC,2020-01-03,2.362,0.0734,2.2886,0,0.0035,33.553,-117.6615,88.685
SBRB,2020-01-03,2.3661,0.0453,2.3208,0,0.0035,37.6864,-122.4108,-13.203
SCCP,2020-01-03,2.2398,0.0307,2.2091000000000003,0,0.0021,37.6518,-122.00210000000004,419.302
SCIA,2020-01-03,2.1484,0.0545,2.0939,0,0.0023,34.6074,-117.38829999999996,831.469
SDHL,2020-01-03,2.1419,0.05,2.0919000000000003,0,0.0024,34.255,-116.27890000000002,835.054
SFDM,2020-01-03,2.2943,0.056,2.2383,0,0.0027,34.4598,-118.7545,291.52
SGPS,2020-01-03,2.2417,0.0584,2.1833,0,0.0024,33.9125,-116.6957,476.741
SGU1,2020-01-03,2.1311,0.0549,2.0762,0,0.0023,37.1132,-113.57029999999996,894.821
SHIN,2020-01-03,2.0146,0.0499,1.9647,0,0.0023,40.5917,-120.22500000000002,1377.327
SHLD,2020-01-03,2.0112,0.066,1.9452,0,0.0023,41.8684,-119.01570000000004,1457.549
SHN5,2020-01-03,2.2962,0.0647,2.2315,0,0.0024,35.6742,-120.3471,301.747
SHP5,2020-01-03,2.3785,0.0711,2.3074000000000003,0,0.0025,35.2686,-120.67129999999996,16.693
SHRC,2020-01-03,1.7811,0.0352,1.7459,0,0.0024,37.6249,-118.9456,2352.107
SILK,2020-01-03,2.3627,0.077,2.2857,0,0.0024,34.1029,-118.26390000000004,106.222
SIMM,2020-01-03,2.1577,2.1577,2.1577,0,2.1577,35.3511,-119.99779999999998,583.626
SIO5,2020-01-03,2.3278000000000003,0.0678,2.26,0,0.0023,32.8407,-117.24969999999996,185.532
SJB5,2020-01-03,2.3426,0.0485,2.2941,0,0.0021,36.8614,-121.5797,93.22
SKYB,2020-01-03,2.2261,0.0481,2.178,0,0.0033,34.4386,-118.47860000000004,520.241
SLAC,2020-01-03,2.3509,0.0501,2.3008,0,0.0028,37.4165,-122.2043,63.714
SLHG,2020-01-03,2.3228000000000004,0.0622,2.2606000000000006,0,0.0022,33.1926,-116.2541,177.631
SLID,2020-01-03,1.6525999999999998,0.026,1.6266,0,0.0026,39.3143,-119.8843,2902.518
SLMS,2020-01-03,2.3797,0.0594,2.3203,0,0.0025,33.2922,-115.9778,-45.927
SLN5,2020-01-03,2.3779000000000003,0.0565,2.3214,0,0.0024,36.667,-121.6332,-14.668
SNHS,2020-01-03,2.3738,0.0789,2.2949,0,0.0024,33.9273,-117.92859999999996,66.434
SNTA,2020-01-03,2.3619000000000003,0.0629,2.299,0,0.0024,34.9116,-120.43420000000005,46.981
SNTF,2020-01-03,2.3896,0.0794,2.3102,0,0.0024,33.9407,-118.0804,12.001
SODB,2020-01-03,2.1288,0.0665,2.0623,0,0.0047,37.1664,-121.9255,985.59
SOMT,2020-01-03,2.2425,0.0507,2.1918,0,0.0023,34.3199,-119.0643,464.258
SONG,2020-01-03,2.3927,0.0794,2.3133,0,0.0023,33.3807,-117.56029999999998,-2.926
SPK1,2020-01-03,2.247,0.0496,2.1974,0,0.0023,34.0593,-118.64620000000002,440.138
SPMS,2020-01-03,2.3257,0.0693,2.2564,0,0.0025,33.9927,-117.84879999999998,207.049
SPRA,2020-01-03,2.2563000000000004,0.0915,2.1648,0,0.0022,44.8267,-119.7763,566.795
SRB1,2020-01-03,2.3477,0.0428,2.3048999999999995,0,0.0021,37.8744,-122.267,54.677
SRS1,2020-01-03,2.3572,0.0655999999999999,2.2916,0,0.0024,34.0043,-120.0652,68.218
SSB2,2020-01-03,2.0263,0.0574,1.9689,0,0.0024,39.6207,-119.7226,1357.253
SSNV,2020-01-03,2.0481,0.0472,2.0009,0,0.0025,40.3791,-120.4656,1231.497
STAY,2020-01-03,2.395,0.1128,2.2822,0,0.0024,44.8307,-122.8209,110.871
STEA,2020-01-03,1.9794,0.0526,1.9268000000000003,0,0.0024,39.6255,-119.88369999999998,1534.257
STFU,2020-01-03,2.3601,0.0471,2.313,0,0.002,37.4269,-122.17330000000004,20.402
SUTB,2020-01-03,2.1926,0.033,2.1596,0,0.0023,39.2058,-121.8206,616.557
SVI2,2020-01-03,1.9108,0.0358,1.875,0,0.0021,43.6431,-121.25329999999995,1751.354
SVIN,2020-01-03,2.3814,0.0564,2.325,0,0.0022,38.0332,-122.5263,-27.561
SWEP,2020-01-03,2.2584,0.0359,2.2225,0,0.0021,37.6117,-122.4577,349.301
SWNB,2020-01-03,1.9624,0.0407999999999999,1.9216,0,0.0021,43.6727,-121.35540000000005,1550.355
SYNG,2020-01-03,2.3163,0.0505,2.2658,0,0.0023,34.6072,-120.06960000000004,167.872
T3RP,2020-01-03,2.1533,0.0291,2.1242000000000005,0,0.002,37.9279,-122.5883,732.373
TABL,2020-01-03,1.8081,0.0417,1.7664,0,0.0024,34.3818,-117.67830000000004,2228.025
TABV,2020-01-03,1.8031,0.0367,1.7664,0,0.0033,34.3818,-117.67830000000004,2228.008
TAFT,2020-01-03,2.3144,0.0749,2.2395,0,0.0023,35.1565,-119.48519999999996,287.155
TBLP,2020-01-03,2.1065,0.0381,2.0684,0,0.0025,35.9174,-120.3603,937.499
TCSG,2020-01-03,1.9181,0.0449,1.8732,0,0.0024,43.6192,-113.47820000000002,1712.11
TEHA,2020-01-03,2.0685,0.0525,2.016,0,0.0028,35.1431,-118.46979999999996,1174.68
THCP,2020-01-03,1.9394,0.0373,1.9021,0,0.0022,35.1582,-118.4146,1652.406
THMG,2020-01-03,2.357,0.0574,2.2996,0,0.0023,33.6506,-116.0772,33.673
THMS,2020-01-03,2.3252,0.0635,2.2617,0,0.0029,33.5496,-117.7668,189.215
TIBB,2020-01-03,2.3711,0.0477999999999999,2.3233,0,0.0025,37.8909,-122.44759999999997,-21.1
TILC,2020-01-03,1.8244,0.0378999999999999,1.7865,0,0.0025,37.6189,-118.86289999999995,2165.296
TIVA,2020-01-03,1.8563,0.0474,1.8089,0,0.0023,36.9348,-116.22969999999998,2034.157
TJRN,2020-01-03,2.3288,0.0603,2.2685,0,0.0024,34.4835,-120.13260000000002,157.169
TMAP,2020-01-03,2.3832,0.056,2.3272,0,0.0025,33.6412,-116.1605,-66.9
TMBU,2020-01-03,1.9239,0.0419,1.882,0,0.0027,43.6018,-121.14459999999995,1721.185
TNBA,2020-01-03,2.3823000000000003,0.0732,2.3091000000000004,0,0.0026,28.9719,-113.5473,-30.073
TNPP,2020-01-03,2.351,0.0555,2.2955,0,0.0023,31.3355,-113.6316,27.636
TOIY,2020-01-03,1.7982,0.045,1.7532,0,0.0021,39.5422,-117.0494,2299.053
TORP,2020-01-03,2.388,0.0727,2.3153,0,0.0023,33.7978,-118.3306,-5.213
TOST,2020-01-03,2.295,0.0531,2.2419,0,0.0023,34.248,-118.8367,274.391
TPOG,2020-01-03,2.1736,0.0592,2.1144000000000003,0,0.0025,34.8789,-118.22860000000004,772.224
TRAK,2020-01-03,2.3502,0.0686,2.2816,0,0.0029,33.6179,-117.8034,115.565
TRAN,2020-01-03,2.3847,0.0665,2.3182,0,0.0022,36.6508,-120.24900000000002,21.257
TRCP,2020-01-03,2.3012,0.0424,2.2588,0,0.0021,37.9974,-122.6159,217.617
TRLK,2020-01-03,2.3827,0.056,2.3267,0,0.0026,37.4666,-120.8286,2.624
TSFX,2020-01-03,2.3769,0.0711,2.3058,0,0.0023,30.9339,-114.81060000000002,-7.113
TUNG,2020-01-03,2.0169,0.0611,1.9558,0,0.0024,40.4032,-118.2575,1414.754
UCD1,2020-01-03,2.3604000000000003,0.0354,2.325,0,0.0021,38.5362,-121.75120000000004,-0.343
UCSF,2020-01-03,2.3162,0.0412,2.275,0,0.0023,37.763,-122.45820000000003,154.636
UNR1,2020-01-03,2.1863,0.0562999999999999,2.13,0,0.0023,36.2473,-115.2427,686.554
UPSA,2020-01-03,2.0617,0.0627,1.999,0,0.0021,39.6271,-118.8023,1233.279
USC2,2020-01-03,2.3775,0.0767,2.3008,0,0.0022,34.0195,-118.2774,48.779
USGC,2020-01-03,2.3335,0.0621,2.2714000000000003,0,0.0023,33.0301,-116.08529999999996,133.425
USLO,2020-01-03,2.3367,0.0612,2.2755,0,0.003,35.3118,-120.66110000000003,134.629
UTBE,2020-01-03,1.9135,1.9135,1.9135,0,1.9135,37.7063,-113.6519,1562.28
UTCC,2020-01-03,1.9162,0.0471,1.8691,0,0.0023,37.6858,-113.0614,1750.308
UTCE,2020-01-03,1.8796,1.8796,1.8796,0,1.8796,37.7042,-113.08680000000004,1704.73
UTGK,2020-01-03,1.9526,1.9526,1.9526,0,1.9526,40.7616,-113.0104,1409.79
UTGN,2020-01-03,1.9073,1.9073,1.9073,0,1.9073,38.9379,-114.03409999999997,1591.95
UTHN,2020-01-03,2.0463,2.0463,2.0463,0,2.0463,37.1857,-113.2987,1012.86
UTM2,2020-01-03,1.9262,1.9262,1.9262,0,1.9262,38.4019,-113.01030000000004,1505.506
UTSG,2020-01-03,2.1013,2.1013,2.1013,0,2.1013,37.0131,-113.61310000000005,795.868
UTWE,2020-01-03,1.9849,1.9849,1.9849,0,1.9849,40.7447,-113.9907,1273.79
VCVL,2020-01-03,2.3237,2.3237,2.3237,0,2.3237,38.3945,-121.94690000000004,0.384
VDCY,2020-01-03,2.3065,0.0773,2.2292,0,0.003,34.1786,-118.22000000000004,318.188
VFSP,2020-01-03,2.2244,0.0595,2.1649000000000003,0,0.003,36.5008,-114.529,550.061
VIMT,2020-01-03,2.2181,0.05,2.1681,0,0.0023,34.1264,-118.51440000000002,553.701
VINZ,2020-01-03,2.2957,0.0794,2.2163,0,0.0023,34.9624,-118.93899999999996,382.041
VNCO,2020-01-03,2.3768,0.0688,2.308,0,0.0026,34.2758,-119.23770000000002,25.701
VNCX,2020-01-03,2.2802,0.0526,2.2276,0,0.0023,34.2932,-118.48450000000004,328.591
VNDP,2020-01-03,2.3824,0.0676,2.3148000000000004,0,0.0025,34.5563,-120.6164,-11.499
VNPS,2020-01-03,2.1182,0.0532,2.065,0,0.0024,34.5015,-118.1212,961.904
VTIS,2020-01-03,2.3604000000000003,0.0629,2.2975,0,0.0026,33.7126,-118.29380000000003,59.49
VTOR,2020-01-03,2.2774,0.0675,2.2099,0,0.0023,33.225,-117.1932,379.919
WASG,2020-01-03,1.8913,0.0291,1.8622,0,0.0039,35.7384,-118.55700000000002,1834.94
WATC,2020-01-03,1.7803,0.0384,1.7419,0,0.0022,37.6643,-118.65390000000002,2363.786
WCHS,2020-01-03,2.3593,0.0736,2.2857000000000003,0,0.0024,34.0619,-117.91110000000003,100.003
WGPP,2020-01-03,2.3053000000000003,0.0810999999999999,2.2242,0,0.0025,35.0108,-118.9837,352.031
WHC1,2020-01-03,2.3617,0.074,2.2877,0,0.0024,33.9799,-118.0312,94.2
WHFG,2020-01-03,2.1626,0.0673,2.0953,0,0.0024,35.6951,-118.35199999999998,861.907
WHYT,2020-01-03,2.3104,0.0694,2.241,0,0.0023,33.6745,-117.64350000000002,265.417
WIDC,2020-01-03,2.2422,0.0511,2.1911,0,0.0023,33.9348,-116.3918,445.056
WIN2,2020-01-03,2.3743000000000003,0.0466,2.3277,0,0.0023,37.6527,-122.1406,-27.655
WINT,2020-01-03,2.3761,0.0481,2.328,0,0.0023,37.6526,-122.1406,-28.802
WKPK,2020-01-03,2.0460000000000003,0.0402999999999999,2.0057,0,0.0022,34.5685,-118.74149999999996,1208.92
WLSN,2020-01-03,1.9233,0.0378,1.8855,0,0.0025,34.2261,-118.0559,1705.261
WMAP,2020-01-03,2.3042,0.0608,2.2434,0,0.004,34.2594,-118.41430000000004,268.107
WNRA,2020-01-03,2.381,0.0784,2.3026,0,0.0024,34.0432,-118.0593,40.122
WOMT,2020-01-03,2.0174000000000003,0.051,1.9664,0,0.0025,34.669,-116.93169999999998,1353.012
WORG,2020-01-03,2.1803000000000003,0.0695,2.1108,0,0.0040999999999999,35.6956,-118.24239999999998,798.416
WRHS,2020-01-03,2.3829,0.0707,2.3122000000000003,0,0.0035,33.9582,-118.42759999999998,7.871
WVRT,2020-01-03,1.9474,0.0514,1.896,0,0.0023,39.9438,-119.82600000000002,1663.388
WWMT,2020-01-03,2.1579,0.0566,2.1013,0,0.0022,33.9553,-116.65390000000002,796.615
WWRF,2020-01-03,2.0369,0.0602,1.9767,0,0.0021,39.5202,-119.7029,1325.581
YBHB,2020-01-03,2.0893,0.045,2.0443,0,0.0027,41.7317,-122.71069999999996,1065.683
YER1,2020-01-03,2.0364,0.0574,1.979,0,0.0022,38.992,-119.16229999999996,1317.204
ZLA1,2020-01-03,2.1636,0.0485,2.1151,0,0.0024,34.6035,-118.08389999999996,763.401
ZOA1,2020-01-03,2.3674,0.0457,2.3217000000000003,0,0.0022,37.5431,-122.0159,-3.572
ZOA2,2020-01-03,2.3693000000000004,0.0476,2.3217000000000003,0,0.0026,37.543,-122.0159,-3.528
